filename,path,contour_type,contour_quadrant,contrast,position,jitter,stimulus_id,condition,bias_strength,mean_activation_TL,mean_activation_TR,mean_activation_BL,mean_activation_BR,highest_activation_quadrant,matches_contour_quadrant
C_BL_0_J000_000.png,/home/yentl/pytorch_gammanet/Images_quad_final/C_BL_0_J000_000.png,C,BL,NA,0,0,0,C_bias,0.25,2.568185329437256,2.4138143062591553,2.8368208408355713,2.4812428951263428,BL,yes
C_BL_0_J000_001.png,/home/yentl/pytorch_gammanet/Images_quad_final/C_BL_0_J000_001.png,C,BL,NA,0,0,1,C_bias,0.25,2.4827420711517334,2.4680087566375732,2.8790318965911865,2.443047523498535,BL,yes
C_BL_0_J000_002.png,/home/yentl/pytorch_gammanet/Images_quad_final/C_BL_0_J000_002.png,C,BL,NA,0,0,2,C_bias,0.25,2.492941379547119,2.4100661277770996,2.961653470993042,2.435570001602173,BL,yes
C_BL_0_J000_003.png,/home/yentl/pytorch_gammanet/Images_quad_final/C_BL_0_J000_003.png,C,BL,NA,0,0,3,C_bias,0.25,2.5160694122314453,2.470574378967285,2.86787748336792,2.4551355838775635,BL,yes
C_BL_0_J000_004.png,/home/yentl/pytorch_gammanet/Images_quad_final/C_BL_0_J000_004.png,C,BL,NA,0,0,4,C_bias,0.25,2.52533221244812,2.4274098873138428,2.8504254817962646,2.4861297607421875,BL,yes
C_BL_0_J000_005.png,/home/yentl/pytorch_gammanet/Images_quad_final/C_BL_0_J000_005.png,C,BL,NA,0,0,5,C_bias,0.25,2.4661829471588135,2.4911279678344727,2.8467726707458496,2.5000834465026855,BL,yes
C_BR_0_J000_000.png,/home/yentl/pytorch_gammanet/Images_quad_final/C_BR_0_J000_000.png,C,BR,NA,0,0,0,C_bias,0.25,2.607912302017212,2.3780741691589355,2.61637544631958,2.670881509780884,BR,yes
C_BR_0_J000_001.png,/home/yentl/pytorch_gammanet/Images_quad_final/C_BR_0_J000_001.png,C,BR,NA,0,0,1,C_bias,0.25,2.6087403297424316,2.3837122917175293,2.591369152069092,2.6736526489257812,BR,yes
C_BR_0_J000_002.png,/home/yentl/pytorch_gammanet/Images_quad_final/C_BR_0_J000_002.png,C,BR,NA,0,0,2,C_bias,0.25,2.5481154918670654,2.4296188354492188,2.6688687801361084,2.6537086963653564,BL,no
C_BR_0_J000_003.png,/home/yentl/pytorch_gammanet/Images_quad_final/C_BR_0_J000_003.png,C,BR,NA,0,0,3,C_bias,0.25,2.53769850730896,2.4115939140319824,2.6416707038879395,2.683701276779175,BR,yes
C_BR_0_J000_004.png,/home/yentl/pytorch_gammanet/Images_quad_final/C_BR_0_J000_004.png,C,BR,NA,0,0,4,C_bias,0.25,2.5676519870758057,2.4056286811828613,2.6229021549224854,2.684737205505371,BR,yes
C_BR_0_J000_005.png,/home/yentl/pytorch_gammanet/Images_quad_final/C_BR_0_J000_005.png,C,BR,NA,0,0,5,C_bias,0.25,2.56001353263855,2.3950164318084717,2.5976316928863525,2.7282800674438477,BR,yes
C_TL_0_J000_000.png,/home/yentl/pytorch_gammanet/Images_quad_final/C_TL_0_J000_000.png,C,TL,NA,0,0,0,C_bias,0.25,2.795701026916504,2.365215301513672,2.6633517742156982,2.4561820030212402,TL,yes
C_TL_0_J000_001.png,/home/yentl/pytorch_gammanet/Images_quad_final/C_TL_0_J000_001.png,C,TL,NA,0,0,1,C_bias,0.25,2.7484545707702637,2.3993234634399414,2.6356441974639893,2.490776538848877,TL,yes
C_TL_0_J000_002.png,/home/yentl/pytorch_gammanet/Images_quad_final/C_TL_0_J000_002.png,C,TL,NA,0,0,2,C_bias,0.25,2.8083267211914062,2.4331014156341553,2.5776097774505615,2.494673013687134,TL,yes
C_TL_0_J000_003.png,/home/yentl/pytorch_gammanet/Images_quad_final/C_TL_0_J000_003.png,C,TL,NA,0,0,3,C_bias,0.25,2.785425901412964,2.4253838062286377,2.591026782989502,2.487334966659546,TL,yes
C_TL_0_J000_004.png,/home/yentl/pytorch_gammanet/Images_quad_final/C_TL_0_J000_004.png,C,TL,NA,0,0,4,C_bias,0.25,2.8431832790374756,2.4691555500030518,2.4969611167907715,2.4823622703552246,TL,yes
C_TL_0_J000_005.png,/home/yentl/pytorch_gammanet/Images_quad_final/C_TL_0_J000_005.png,C,TL,NA,0,0,5,C_bias,0.25,2.7732009887695312,2.419110059738159,2.6436188220977783,2.4430038928985596,TL,yes
C_TR_0_J000_000.png,/home/yentl/pytorch_gammanet/Images_quad_final/C_TR_0_J000_000.png,C,TR,NA,0,0,0,C_bias,0.25,2.5936906337738037,2.5869877338409424,2.685551643371582,2.4202158451080322,BL,no
C_TR_0_J000_001.png,/home/yentl/pytorch_gammanet/Images_quad_final/C_TR_0_J000_001.png,C,TR,NA,0,0,1,C_bias,0.25,2.5308218002319336,2.5691261291503906,2.734630584716797,2.4617886543273926,BL,no
C_TR_0_J000_002.png,/home/yentl/pytorch_gammanet/Images_quad_final/C_TR_0_J000_002.png,C,TR,NA,0,0,2,C_bias,0.25,2.526660442352295,2.604994058609009,2.664400577545166,2.4925589561462402,BL,no
C_TR_0_J000_003.png,/home/yentl/pytorch_gammanet/Images_quad_final/C_TR_0_J000_003.png,C,TR,NA,0,0,3,C_bias,0.25,2.5564355850219727,2.527336835861206,2.6912498474121094,2.5005204677581787,BL,no
C_TR_0_J000_004.png,/home/yentl/pytorch_gammanet/Images_quad_final/C_TR_0_J000_004.png,C,TR,NA,0,0,4,C_bias,0.25,2.585266590118408,2.4681007862091064,2.647369384765625,2.602613925933838,BL,no
C_TR_0_J000_005.png,/home/yentl/pytorch_gammanet/Images_quad_final/C_TR_0_J000_005.png,C,TR,NA,0,0,5,C_bias,0.25,2.5552170276641846,2.6196413040161133,2.6365182399749756,2.4125213623046875,BL,no
straight_BL_0_J000_000.png,/home/yentl/pytorch_gammanet/Images_quad_final/straight_BL_0_J000_000.png,straight,BL,NA,0,0,0,straight_bias,0.25,2.6696243286132812,2.4119675159454346,2.850390911102295,2.4465763568878174,BL,yes
straight_BL_0_J000_001.png,/home/yentl/pytorch_gammanet/Images_quad_final/straight_BL_0_J000_001.png,straight,BL,NA,0,0,1,straight_bias,0.25,2.6608643531799316,2.393239974975586,2.8377327919006348,2.471181631088257,BL,yes
straight_BL_0_J000_002.png,/home/yentl/pytorch_gammanet/Images_quad_final/straight_BL_0_J000_002.png,straight,BL,NA,0,0,2,straight_bias,0.25,2.6475844383239746,2.3726837635040283,2.8515994548797607,2.5529115200042725,BL,yes
straight_BL_0_J000_003.png,/home/yentl/pytorch_gammanet/Images_quad_final/straight_BL_0_J000_003.png,straight,BL,NA,0,0,3,straight_bias,0.25,2.6461615562438965,2.385460615158081,2.837181329727173,2.537454128265381,BL,yes
straight_BL_0_J000_004.png,/home/yentl/pytorch_gammanet/Images_quad_final/straight_BL_0_J000_004.png,straight,BL,NA,0,0,4,straight_bias,0.25,2.66221022605896,2.4677817821502686,2.7837138175964355,2.46274995803833,BL,yes
straight_BL_0_J000_005.png,/home/yentl/pytorch_gammanet/Images_quad_final/straight_BL_0_J000_005.png,straight,BL,NA,0,0,5,straight_bias,0.25,2.6712260246276855,2.461721897125244,2.7841124534606934,2.495485782623291,BL,yes
straight_BR_0_J000_000.png,/home/yentl/pytorch_gammanet/Images_quad_final/straight_BR_0_J000_000.png,straight,BR,NA,0,0,0,straight_bias,0.25,2.5992109775543213,2.4861109256744385,2.608830690383911,2.675105571746826,BR,yes
straight_BR_0_J000_001.png,/home/yentl/pytorch_gammanet/Images_quad_final/straight_BR_0_J000_001.png,straight,BR,NA,0,0,1,straight_bias,0.25,2.5360453128814697,2.489492893218994,2.641247272491455,2.686506509780884,BR,yes
straight_BR_0_J000_002.png,/home/yentl/pytorch_gammanet/Images_quad_final/straight_BR_0_J000_002.png,straight,BR,NA,0,0,2,straight_bias,0.25,2.5128977298736572,2.4387009143829346,2.695525884628296,2.6370253562927246,BL,no
straight_BR_0_J000_003.png,/home/yentl/pytorch_gammanet/Images_quad_final/straight_BR_0_J000_003.png,straight,BR,NA,0,0,3,straight_bias,0.25,2.579378128051758,2.523678779602051,2.6737349033355713,2.639439582824707,BL,no
straight_BR_0_J000_004.png,/home/yentl/pytorch_gammanet/Images_quad_final/straight_BR_0_J000_004.png,straight,BR,NA,0,0,4,straight_bias,0.25,2.561656951904297,2.4555745124816895,2.722288131713867,2.633580446243286,BL,no
straight_BR_0_J000_005.png,/home/yentl/pytorch_gammanet/Images_quad_final/straight_BR_0_J000_005.png,straight,BR,NA,0,0,5,straight_bias,0.25,2.6673102378845215,2.447352886199951,2.64418363571167,2.600094795227051,TL,no
straight_TL_0_J000_000.png,/home/yentl/pytorch_gammanet/Images_quad_final/straight_TL_0_J000_000.png,straight,TL,NA,0,0,0,straight_bias,0.25,2.6901001930236816,2.4798238277435303,2.687067747116089,2.5895607471466064,TL,yes
straight_TL_0_J000_001.png,/home/yentl/pytorch_gammanet/Images_quad_final/straight_TL_0_J000_001.png,straight,TL,NA,0,0,1,straight_bias,0.25,2.7058823108673096,2.4533135890960693,2.7109458446502686,2.522852897644043,BL,no
straight_TL_0_J000_002.png,/home/yentl/pytorch_gammanet/Images_quad_final/straight_TL_0_J000_002.png,straight,TL,NA,0,0,2,straight_bias,0.25,2.7356066703796387,2.438930034637451,2.6769258975982666,2.5108482837677,TL,yes
straight_TL_0_J000_003.png,/home/yentl/pytorch_gammanet/Images_quad_final/straight_TL_0_J000_003.png,straight,TL,NA,0,0,3,straight_bias,0.25,2.688568115234375,2.4618711471557617,2.696594715118408,2.5638294219970703,BL,no
straight_TL_0_J000_004.png,/home/yentl/pytorch_gammanet/Images_quad_final/straight_TL_0_J000_004.png,straight,TL,NA,0,0,4,straight_bias,0.25,2.7269716262817383,2.4305944442749023,2.7553720474243164,2.5041215419769287,BL,no
straight_TL_0_J000_005.png,/home/yentl/pytorch_gammanet/Images_quad_final/straight_TL_0_J000_005.png,straight,TL,NA,0,0,5,straight_bias,0.25,2.7283060550689697,2.4825198650360107,2.6319243907928467,2.5296742916107178,TL,yes
straight_TR_0_J000_000.png,/home/yentl/pytorch_gammanet/Images_quad_final/straight_TR_0_J000_000.png,straight,TR,NA,0,0,0,straight_bias,0.25,2.581723213195801,2.6191811561584473,2.6147687435150146,2.5813968181610107,TR,yes
straight_TR_0_J000_001.png,/home/yentl/pytorch_gammanet/Images_quad_final/straight_TR_0_J000_001.png,straight,TR,NA,0,0,1,straight_bias,0.25,2.5393195152282715,2.6354169845581055,2.596158027648926,2.6241464614868164,TR,yes
straight_TR_0_J000_002.png,/home/yentl/pytorch_gammanet/Images_quad_final/straight_TR_0_J000_002.png,straight,TR,NA,0,0,2,straight_bias,0.25,2.5648698806762695,2.631246566772461,2.6737987995147705,2.499589204788208,BL,no
straight_TR_0_J000_003.png,/home/yentl/pytorch_gammanet/Images_quad_final/straight_TR_0_J000_003.png,straight,TR,NA,0,0,3,straight_bias,0.25,2.686440944671631,2.5628764629364014,2.668865919113159,2.48640775680542,TL,no
straight_TR_0_J000_004.png,/home/yentl/pytorch_gammanet/Images_quad_final/straight_TR_0_J000_004.png,straight,TR,NA,0,0,4,straight_bias,0.25,2.6015939712524414,2.616602659225464,2.68534779548645,2.484259605407715,BL,no
straight_TR_0_J000_005.png,/home/yentl/pytorch_gammanet/Images_quad_final/straight_TR_0_J000_005.png,straight,TR,NA,0,0,5,straight_bias,0.25,2.5619242191314697,2.6216890811920166,2.6493215560913086,2.5823001861572266,BL,no
