filename,contour_type,contrast,jitter,quadrant,position,layer,channel,contour_mean_activation,background_mean_activation,contour_preference_ratio,activation_on_contour_pct,contour_area_pct,contour_enrichment,dice_top_activation,top_activation_percentile,mask_dilation_pixels,rank,mean_activation,mean_abs_activation,max_activation
C_high_BL_0_J000_008.png,C,high,0,BL,0,h1_exc,29,5.2731442,4.199264,1.2557306,54.236065,48.5537109375,1.1170323308455838,0.21021031037872376,90,3,1,5.676290512084961,5.676290512084961,41.77796936035156
C_high_BL_0_J000_008.png,C,high,0,BL,0,h1_exc,25,4.61147,3.947985,1.1680567,52.43491,48.5537109375,1.0799361943158843,0.19339882252869572,90,3,2,5.094890594482422,5.094890594482422,34.772823333740234
C_high_BL_0_J000_008.png,C,high,0,BL,0,h1_exc,7,4.2707744,4.43407,0.9631725,47.617046,48.5537109375,0.9807086920233219,0.1629113227371766,90,3,4,4.584315776824951,4.584315776824951,28.954574584960938
C_high_BL_0_J000_008.png,C,high,0,BL,0,h1_exc,23,3.6312678,3.8111677,0.95279664,47.346962,48.5537109375,0.9751461021443413,0.15904201204153523,90,3,5,4.502274036407471,4.502274036407471,31.19719886779785
C_high_BL_0_J000_008.png,C,high,0,BL,0,h1_exc,78,3.64088,3.383339,1.0761204,50.38736,48.5537109375,1.0377653661452018,0.1787554829132943,90,3,6,4.492697715759277,4.492697715759277,29.388458251953125
C_high_BL_0_J000_008.png,C,high,0,BL,0,h1_exc,80,4.060418,3.5263703,1.1514441,52.077526,48.5537109375,1.072575609078357,0.19890258343197872,90,3,9,4.386438369750977,4.386438369750977,16.711566925048828
C_high_BL_0_J000_008.png,C,high,0,BL,0,h1_exc,92,3.099787,3.3701785,0.9197694,46.46839,48.5537109375,0.9570512842716022,0.14886839340213331,90,3,14,3.7947793006896973,3.7947793006896973,24.36182403564453
C_high_BL_0_J000_008.png,C,high,0,BL,0,h1_exc,72,3.9886613,4.018436,0.9925905,48.367954,48.5537109375,0.996174201935863,0.16594673026565387,90,3,7,4.487730026245117,4.487730026245117,38.79279327392578
C_high_BL_0_J000_008.png,C,high,0,BL,0,h1_exc,28,3.0215816,3.296225,0.9166794,46.38469,48.5537109375,0.9553273771640107,0.12732033556261324,90,3,16,3.5082831382751465,3.5082831382751465,16.631629943847656
C_high_BL_0_J000_008.png,C,high,0,BL,0,h1_exc,61,3.1011255,2.659421,1.1660905,52.392895,48.5537109375,1.0790708624006982,0.19339882252869572,90,3,24,3.0584404468536377,3.0584404468536377,29.796859741210938
C_high_BL_0_J000_008.png,C,high,0,BL,0,h1_exc,13,2.2304688,1.7309911,1.28855,54.8757,48.5537109375,1.1302061332373274,0.19446621858266575,90,3,35,2.559133529663086,2.559133529663086,43.78397750854492
C_high_BL_0_J000_008.png,C,high,0,BL,0,h1_exc,58,2.2275755,1.9460155,1.1446854,51.93059,48.5537109375,1.0695493829380682,0.22058406577824505,90,3,37,2.530055046081543,2.530055046081543,10.576884269714355
C_high_BL_0_J000_008.png,C,high,0,BL,0,h1_exc,62,2.0789704,2.2869534,0.9090567,46.177097,48.5537109375,0.9510518644081987,0.1522707183241628,90,3,38,2.5113744735717773,2.5113744735717773,17.3598575592041
C_high_BL_0_J000_008.png,C,high,0,BL,0,h1_exc,90,1.6808419,1.5567276,1.0797276,50.47101,48.5537109375,1.0394881733211778,0.16924898680762368,90,3,41,2.448103666305542,2.448103666305542,19.00162696838379
C_high_BL_0_J000_008.png,C,high,0,BL,0,h1_exc,0,1.8364804,1.8702933,0.9819211,48.098114,48.5537109375,0.9906166403156959,0.17465267933084697,90,3,43,2.389777183532715,2.389777183532715,31.704055786132812
C_high_BL_0_J000_008.png,C,high,0,BL,0,h1_exc,99,1.2053652,1.3720235,0.87853104,45.329353,48.5537109375,0.9335919427772083,0.14509915108655164,90,3,62,1.9388489723205566,1.9388489723205566,28.418643951416016
C_high_BL_0_J000_008.png,C,high,0,BL,0,h1_exc,36,1.3713682,1.1270074,1.2168227,53.453876,48.5537109375,1.1009225752725629,0.20320552377454543,90,3,78,1.787288784980774,1.787288784980774,39.91283416748047
C_high_BL_0_J000_008.png,C,high,0,BL,0,h1_exc,76,1.114585,0.7101262,1.5695591,59.69871,48.5537109375,1.2295396217976933,0.22602111442815492,90,3,102,1.3437559604644775,1.3437559604644775,16.859769821166992
C_high_BL_0_J000_008.png,C,high,0,BL,0,h1_exc,16,1.7270743,1.3717602,1.2590204,54.301,48.5537109375,1.1183696905568876,0.2734201704497618,90,3,44,2.3770904541015625,2.3770904541015625,11.220342636108398
C_high_BL_0_J000_008.png,C,high,0,BL,0,h1_exc,120,0.6884563,0.5577949,1.2342463,53.807434,48.5537109375,1.1082043582664975,0.23742890975495967,90,3,113,1.1382129192352295,1.1382129192352295,5.169285297393799
C_high_BL_0_J000_008.png,C,high,0,BL,0,h1_exc,105,1.9779321,1.915076,1.0328217,49.360706,48.5537109375,1.0166206736024417,0.21221167797991758,90,3,30,2.8533129692077637,2.8533129692077637,28.38812828063965
C_high_BL_0_J000_008.png,C,high,0,BL,0,h1_exc,87,2.015986,1.4230044,1.416711,57.211124,48.5537109375,1.1783059070814808,0.2581764205540022,90,3,53,2.229494094848633,2.229494094848633,14.851741790771484
C_high_BL_0_J000_008.png,C,high,0,BL,0,h1_exc,67,1.387155,1.1511297,1.205038,53.211662,48.5537109375,1.095933992563761,0.28479460964987996,90,3,57,2.1475844383239746,2.1475844383239746,10.40425968170166
C_high_BL_0_J000_008.png,C,high,0,BL,0,td_h1_exc,29,2.935208,3.0468917,0.96334505,47.62151,48.5537109375,0.9808006148797562,0.16577994963222106,90,3,1,3.562081813812256,3.562081813812256,22.925941467285156
C_high_BL_0_J000_008.png,C,high,0,BL,0,td_h1_exc,23,2.5293841,2.8358417,0.8919342,45.70485,48.5537109375,0.9413255619654624,0.1470671625610589,90,3,2,2.9497313499450684,2.9497313499450684,26.288991928100586
C_high_BL_0_J000_008.png,C,high,0,BL,0,td_h1_exc,7,2.4763904,2.7196443,0.91055673,46.218067,48.5537109375,0.9518956690903395,0.15197051318398375,90,3,4,2.669651985168457,2.669651985168457,21.891035079956055
C_high_BL_0_J000_008.png,C,high,0,BL,0,td_h1_exc,78,1.9560529,2.0608847,0.9491326,47.25091,48.5537109375,0.973167875133948,0.16284461048380347,90,3,5,2.39316463470459,2.39316463470459,20.803455352783203
C_high_BL_0_J000_008.png,C,high,0,BL,0,td_h1_exc,92,1.9458973,2.4172108,0.80501765,43.173923,48.5537109375,0.8891992527433094,0.12141630113909148,90,3,6,2.2806060314178467,2.2806060314178467,13.916828155517578
C_high_BL_0_J000_008.png,C,high,0,BL,0,td_h1_exc,25,1.8813928,1.7879939,1.0522367,49.826263,48.5537109375,1.0262091703270704,0.17358528327687694,90,3,8,2.131653070449829,2.131653070449829,19.075847625732422
C_high_BL_0_J000_008.png,C,high,0,BL,0,td_h1_exc,105,1.4575249,1.6304796,0.89392406,45.760147,48.5537109375,0.9424644625867207,0.14463216531293974,90,3,11,2.032456398010254,2.032456398010254,9.441346168518066
C_high_BL_0_J000_008.png,C,high,0,BL,0,td_h1_exc,61,1.8884054,2.0000415,0.9441831,47.120617,48.5537109375,0.9704843562584171,0.16037625710899775,90,3,12,2.0017471313476562,2.0017471313476562,22.691272735595703
C_high_BL_0_J000_008.png,C,high,0,BL,0,td_h1_exc,80,1.9109733,1.8585095,1.028229,49.24931,48.5537109375,1.0143263733856935,0.1662135792791464,90,3,13,1.9337495565414429,1.9337495565414429,9.616158485412598
C_high_BL_0_J000_008.png,C,high,0,BL,0,td_h1_exc,72,1.5662495,1.5314368,1.022732,49.11534,48.5537109375,1.0115671949283283,0.16741439983986267,90,3,16,1.6746333837509155,1.6746333837509155,21.99262237548828
C_high_BL_0_J000_008.png,C,high,0,BL,0,td_h1_exc,1,1.2197484,1.3143917,0.92799455,46.689922,48.5537109375,0.9616138791790477,0.14326456411879063,90,3,32,1.299087405204773,1.299087405204773,5.196395397186279
C_high_BL_0_J000_008.png,C,high,0,BL,0,td_h1_exc,58,0.9454732,1.0411129,0.908137,46.151936,48.5537109375,0.9505336394842321,0.11157624376655523,90,3,41,1.1974271535873413,1.1974271535873413,4.286971569061279
C_high_BL_0_J000_008.png,C,high,0,BL,0,td_h1_exc,48,0.93266517,0.9457385,0.9861766,48.20608,48.5537109375,0.9928403092094232,0.16881535716069834,90,3,44,1.0356993675231934,1.0356993675231934,15.57629680633545
C_high_BL_0_J000_008.png,C,high,0,BL,0,td_h1_exc,17,0.49504378,0.6989692,0.7082484,40.06331,48.5537109375,0.8251338143677593,0.0775196384195738,90,3,57,0.9031758308410645,0.9031758308410645,6.837369918823242
C_high_BL_0_J000_008.png,C,high,0,BL,0,td_h1_exc,53,0.62639076,0.68760276,0.91097766,46.22956,48.5537109375,0.9521323900872939,0.14363148151234284,90,3,64,0.7915949821472168,0.7915949821472168,8.125388145446777
C_high_BL_0_J000_008.png,C,high,0,BL,0,td_h1_exc,31,0.43519136,0.47634253,0.91361016,46.301292,48.5537109375,0.953609755379936,0.10193632315413835,90,3,93,0.565671980381012,0.565671980381012,2.812095880508423
C_high_BL_0_J000_008.png,C,high,0,BL,0,td_h1_exc,118,0.4280084,0.4557018,0.93922913,46.98956,48.5537109375,0.967785124074094,0.14169682616452214,90,3,96,0.5535036325454712,0.5535036325454712,2.444171905517578
C_high_BL_0_J000_008.png,C,high,0,BL,0,td_h1_exc,46,0.41816124,0.41064695,1.0182986,49.006775,48.5537109375,1.009331191087199,0.1387948431427911,90,3,104,0.5029887557029724,0.5029887557029724,2.9926559925079346
C_high_BL_0_J000_008.png,C,high,0,BL,0,td_h1_exc,106,0.39114186,0.4785404,0.81736434,43.54773,48.5537109375,0.8968980669525888,0.10473823779580968,90,3,105,0.4950638711452484,0.4950638711452484,3.69461989402771
C_high_BL_0_J000_008.png,C,high,0,BL,0,td_h1_exc,127,0.26393437,0.25334755,1.0417877,49.57677,48.5537109375,1.0210706826523912,0.15350489501156567,90,3,113,0.39284396171569824,0.39284396171569824,2.942340135574341
straight_high_BL_0_J000_003.png,straight,high,0,BL,0,h1_exc,29,5.0001864,4.367138,1.1449573,50.87222,47.490234375,1.0712143189961087,0.1851877017156132,90,3,1,5.748300552368164,5.748300552368164,43.43383026123047
straight_high_BL_0_J000_003.png,straight,high,0,BL,0,h1_exc,25,4.5218687,4.1333084,1.0940071,49.734314,47.490234375,1.0472534955639754,0.1790385595379346,90,3,2,5.101926803588867,5.101926803588867,35.2630615234375
straight_high_BL_0_J000_003.png,straight,high,0,BL,0,h1_exc,7,4.068094,4.426673,0.9189958,45.389416,47.490234375,0.9557631443340117,0.15219976218784573,90,3,4,4.5831828117370605,4.5831828117370605,26.87164878845215
straight_high_BL_0_J000_003.png,straight,high,0,BL,0,h1_exc,72,3.7670085,4.0939455,0.92014134,45.420288,47.490234375,0.9564132220893754,0.1604212671988856,90,3,6,4.531583786010742,4.531583786010742,41.25046157836914
straight_high_BL_0_J000_003.png,straight,high,0,BL,0,h1_exc,80,3.9281034,3.5832365,1.0962446,49.785378,47.490234375,1.0483287384693627,0.1772040088329918,90,3,9,4.377313137054443,4.377313137054443,19.869768142700195
straight_high_BL_0_J000_003.png,straight,high,0,BL,0,h1_exc,92,2.8867989,3.3802612,0.8540165,43.57866,47.490234375,0.9176341119803295,0.13144216069303016,90,3,14,3.7778854370117188,3.7778854370117188,28.06157875061035
straight_high_BL_0_J000_003.png,straight,high,0,BL,0,h1_exc,28,2.91019,3.3181198,0.87706,44.23439,47.490234375,0.9314418181258901,0.11873619840324126,90,3,16,3.4965715408325195,3.4965715408325195,18.089885711669922
straight_high_BL_0_J000_003.png,straight,high,0,BL,0,h1_exc,61,2.8702254,2.767307,1.0371908,48.401566,47.490234375,1.0191898645807833,0.17329709529468773,90,3,24,3.0086264610290527,3.0086264610290527,36.99102783203125
straight_high_BL_0_J000_003.png,straight,high,0,BL,0,h1_exc,105,1.9386141,2.078638,0.9326367,45.754875,47.490234375,0.9634586094516591,0.18569729913365285,90,3,30,2.8160834312438965,2.8160834312438965,21.683815002441406
straight_high_BL_0_J000_003.png,straight,high,0,BL,0,h1_exc,13,1.9403837,1.895708,1.0235667,48.071415,47.490234375,1.0122378962756464,0.1735009342619036,90,3,35,2.529369831085205,2.529369831085205,67.59261322021484
straight_high_BL_0_J000_003.png,straight,high,0,BL,0,h1_exc,62,1.9487119,2.2470915,0.86721516,43.95612,47.490234375,0.925582282475263,0.13558688635975275,90,3,39,2.4994728565216064,2.4994728565216064,12.133041381835938
straight_high_BL_0_J000_003.png,straight,high,0,BL,0,h1_exc,16,1.6047183,1.3425535,1.1952733,51.946514,47.490234375,1.0938357075375102,0.24790215729569426,90,3,43,2.386193037033081,2.386193037033081,12.706192970275879
straight_high_BL_0_J000_003.png,straight,high,0,BL,0,h1_exc,0,1.6734372,1.9547333,0.85609496,43.63844,47.490234375,0.9188928996368607,0.1514183794801849,90,3,45,2.3758010864257812,2.3758010864257812,25.423660278320312
straight_high_BL_0_J000_003.png,straight,high,0,BL,0,h1_exc,20,1.5415841,2.1200342,0.7271506,39.67329,47.490234375,0.8353989144601175,0.11887209104805184,90,3,53,2.211973190307617,2.211973190307617,20.255916595458984
straight_high_BL_0_J000_003.png,straight,high,0,BL,0,h1_exc,87,2.0135984,1.5186213,1.3259385,54.528694,47.490234375,1.1482085708563097,0.24440292169182193,90,3,52,2.226665735244751,2.226665735244751,13.338601112365723
straight_high_BL_0_J000_003.png,straight,high,0,BL,0,h1_exc,27,1.5406114,1.9339335,0.79662067,41.876343,47.490234375,0.8817885048523645,0.10769492101238191,90,3,61,2.0379397869110107,2.0379397869110107,12.76051139831543
straight_high_BL_0_J000_003.png,straight,high,0,BL,0,h1_exc,99,1.1779958,1.4861009,0.7926755,41.75555,47.490234375,0.8792449842637575,0.13412604042803905,90,3,62,1.957944393157959,1.957944393157959,44.65234375
straight_high_BL_0_J000_003.png,straight,high,0,BL,0,h1_exc,53,1.2676713,1.4476476,0.87567675,44.195454,47.490234375,0.9306219313534944,0.13235943604550157,90,3,67,1.9157639741897583,1.9157639741897583,13.987329483032227
straight_high_BL_0_J000_003.png,straight,high,0,BL,0,h1_exc,84,1.2224938,1.3812311,0.8850755,44.45892,47.490234375,0.9361697220679338,0.1465602174282068,90,3,82,1.690818190574646,1.690818190574646,14.476702690124512
straight_high_BL_0_J000_003.png,straight,high,0,BL,0,h1_exc,89,1.2434555,1.2348562,1.0069638,47.66332,47.490234375,1.003644628233039,0.15114659419056375,90,3,87,1.611118197441101,1.611118197441101,19.528079986572266
straight_high_BL_0_J000_003.png,straight,high,0,BL,0,h1_exc,76,1.1394356,0.8607461,1.3237767,54.48823,47.490234375,1.1473565537117225,0.21046373365038043,90,3,101,1.3404748439788818,1.3404748439788818,20.742843627929688
straight_high_BL_0_J000_003.png,straight,high,0,BL,0,h1_exc,118,0.88684607,1.3274522,0.66808134,37.664333,47.490234375,0.7930963877365554,0.06223883132324406,90,3,102,1.3227511644363403,1.3227511644363403,18.849987030029297
straight_high_BL_0_J000_003.png,straight,high,0,BL,0,h1_exc,120,0.72504723,0.63632095,1.1394364,50.751408,47.490234375,1.0686703967778493,0.21284185493456553,90,3,113,1.1427520513534546,1.1427520513534546,5.633741855621338
straight_high_BL_0_J000_003.png,straight,high,0,BL,0,td_h1_exc,29,2.6672502,2.979848,0.89509606,44.737083,47.490234375,0.9420270085925075,0.14842874129435224,90,3,1,3.610541343688965,3.610541343688965,23.189178466796875
straight_high_BL_0_J000_003.png,straight,high,0,BL,0,td_h1_exc,7,2.3622708,2.734509,0.86387384,43.86104,47.490234375,0.9235801586580822,0.14244946492268687,90,3,4,2.6574273109436035,2.6574273109436035,16.446054458618164
straight_high_BL_0_J000_003.png,straight,high,0,BL,0,td_h1_exc,92,1.8503914,2.449656,0.7553679,40.58796,47.490234375,0.8546590644406393,0.10881603533206917,90,3,6,2.277388572692871,2.277388572692871,18.06319236755371
straight_high_BL_0_J000_003.png,straight,high,0,BL,0,td_h1_exc,25,1.7658095,1.8325949,0.96355695,46.565445,47.490234375,0.9805267451153487,0.16245965687104427,90,3,8,2.1383376121520996,2.1383376121520996,20.542715072631836
straight_high_BL_0_J000_003.png,straight,high,0,BL,0,td_h1_exc,62,1.6128098,2.003062,0.80517215,42.136456,47.490234375,0.8872656890739132,0.09417360285372955,90,3,9,2.064971923828125,2.064971923828125,8.57112979888916
straight_high_BL_0_J000_003.png,straight,high,0,BL,0,td_h1_exc,28,1.7339752,2.0995789,0.82586807,42.75644,47.490234375,0.9003206609249582,0.10817054526921893,90,3,10,2.048905849456787,2.048905849456787,11.317035675048828
straight_high_BL_0_J000_003.png,straight,high,0,BL,0,td_h1_exc,105,1.3786483,1.6335225,0.8439726,43.288,47.490234375,0.9115136777075077,0.14180397485983662,90,3,11,2.0178685188293457,2.0178685188293457,9.271440505981445
straight_high_BL_0_J000_003.png,straight,high,0,BL,0,td_h1_exc,61,1.738849,2.0695994,0.8401863,43.177654,47.490234375,0.9091901698424818,0.15175811109221135,90,3,12,1.9655227661132812,1.9655227661132812,24.809965133666992
straight_high_BL_0_J000_003.png,straight,high,0,BL,0,td_h1_exc,80,1.8334152,1.8886995,0.9707289,46.75001,47.490234375,0.9844131546096979,0.149787667742458,90,3,13,1.9328453540802002,1.9328453540802002,12.36902141571045
straight_high_BL_0_J000_003.png,straight,high,0,BL,0,td_h1_exc,0,1.2511498,1.6891456,0.74069977,40.11598,47.490234375,0.8447205780403055,0.1187701715644439,90,3,14,1.8785308599472046,1.8785308599472046,21.524911880493164
straight_high_BL_0_J000_003.png,straight,high,0,BL,0,td_h1_exc,72,1.4532857,1.6329035,0.890001,44.595993,47.490234375,0.9390560737278236,0.15926617971799573,90,3,15,1.706990361213684,1.706990361213684,26.380773544311523
straight_high_BL_0_J000_003.png,straight,high,0,BL,0,td_h1_exc,20,1.0289445,1.5003194,0.685817,38.28144,47.490234375,0.8060907938360196,0.10487514863256245,90,3,20,1.5571774244308472,1.5571774244308472,10.425697326660156
straight_high_BL_0_J000_003.png,straight,high,0,BL,0,td_h1_exc,54,1.229471,1.079146,1.1392999,50.748417,47.490234375,1.068607421248354,0.1753354849668464,90,3,29,1.311018705368042,1.311018705368042,17.48322868347168
straight_high_BL_0_J000_003.png,straight,high,0,BL,0,td_h1_exc,63,0.9462569,0.95771587,0.9880351,47.190163,47.490234375,0.9936814014461176,0.18192627824015936,90,3,30,1.3012793064117432,1.3012793064117432,4.137305736541748
straight_high_BL_0_J000_003.png,straight,high,0,BL,0,td_h1_exc,1,1.1719793,1.3106441,0.894201,44.712353,47.490234375,0.9415062555852144,0.12957363682688475,90,3,32,1.284126877784729,1.284126877784729,6.395458698272705
straight_high_BL_0_J000_003.png,straight,high,0,BL,0,td_h1_exc,108,1.1289797,1.1915718,0.94747096,46.146805,47.490234375,0.971711456200898,0.12311873619838236,90,3,35,1.260319709777832,1.260319709777832,3.4353621006011963
straight_high_BL_0_J000_003.png,straight,high,0,BL,0,td_h1_exc,41,0.9793679,1.037212,0.94423115,46.061695,47.490234375,0.9699193043659886,0.1632410395787051,90,3,39,1.2098742723464966,1.2098742723464966,5.451322555541992
straight_high_BL_0_J000_003.png,straight,high,0,BL,0,td_h1_exc,58,1.0394433,1.1585678,0.8971795,44.794567,47.490234375,0.9432374400388905,0.09546458297943003,90,3,40,1.2020589113235474,1.2020589113235474,3.3326523303985596
straight_high_BL_0_J000_003.png,straight,high,0,BL,0,td_h1_exc,84,0.83680695,1.009384,0.82902735,42.849915,47.490234375,0.9022889675254073,0.13534907423133424,90,3,44,1.0619785785675049,1.0619785785675049,8.190583229064941
straight_high_BL_0_J000_003.png,straight,high,0,BL,0,td_h1_exc,43,0.6129372,0.5913861,1.0364417,48.38353,47.490234375,1.0188100835814802,0.162867334805476,90,3,58,0.876922070980072,0.876922070980072,3.785036325454712
straight_high_BL_0_J000_003.png,straight,high,0,BL,0,td_h1_exc,53,0.5923451,0.6869798,0.8622454,43.814587,47.490234375,0.9226020298026435,0.14605062001016714,90,3,64,0.8066934943199158,0.8066934943199158,7.977601528167725
straight_high_BL_0_J000_003.png,straight,high,0,BL,0,td_h1_exc,91,0.52624476,0.58060414,0.90637445,45.046844,47.490234375,0.948549634799236,0.12257516561914004,90,3,65,0.7904289960861206,0.7904289960861206,2.2912068367004395
straight_high_BL_0_J000_003.png,straight,high,0,BL,0,td_h1_exc,51,0.5461434,0.4951883,1.1029005,49.93671,47.490234375,1.0515153484573818,0.20095124851364007,90,3,81,0.6530964374542236,0.6530964374542236,3.138021945953369
straight_high_BL_0_J000_003.png,straight,high,0,BL,0,td_h1_exc,118,0.4519869,0.5006017,0.9028873,44.951443,47.490234375,0.9465407636038952,0.12226940716831625,90,3,96,0.5573915243148804,0.5573915243148804,3.223322629928589
