image_index,filename,condition,bias_strength,layer,n_channels,mean_abs_activation,max_abs_activation,std_abs_activation,map_path
0,Noshape_000.png,baseline,0.0,h1_exc,128,2.198007106781006,9.404433250427246,0.4180174469947815,/home/yentl/pytorch_gammanet/outputs_noshape_bias_final/arrays/per_image_all_channel_maps/baseline/000_Noshape_000_baseline.npy
0,Noshape_000.png,C_bias,0.25,h1_exc,128,2.5741922855377197,8.995695114135742,0.44546258449554443,/home/yentl/pytorch_gammanet/outputs_noshape_bias_final/arrays/per_image_all_channel_maps/C_bias/000_Noshape_000_C_bias.npy
0,Noshape_000.png,straight_bias,0.25,h1_exc,128,2.6013617515563965,10.576227188110352,0.45197224617004395,/home/yentl/pytorch_gammanet/outputs_noshape_bias_final/arrays/per_image_all_channel_maps/straight_bias/000_Noshape_000_straight_bias.npy
1,Noshape_001.png,baseline,0.0,h1_exc,128,2.202263593673706,9.323847770690918,0.41421735286712646,/home/yentl/pytorch_gammanet/outputs_noshape_bias_final/arrays/per_image_all_channel_maps/baseline/001_Noshape_001_baseline.npy
1,Noshape_001.png,C_bias,0.25,h1_exc,128,2.5788707733154297,10.141436576843262,0.4310711622238159,/home/yentl/pytorch_gammanet/outputs_noshape_bias_final/arrays/per_image_all_channel_maps/C_bias/001_Noshape_001_C_bias.npy
1,Noshape_001.png,straight_bias,0.25,h1_exc,128,2.606069326400757,9.43620777130127,0.4441712498664856,/home/yentl/pytorch_gammanet/outputs_noshape_bias_final/arrays/per_image_all_channel_maps/straight_bias/001_Noshape_001_straight_bias.npy
2,Noshape_002.png,baseline,0.0,h1_exc,128,2.1944921016693115,9.238701820373535,0.4530048668384552,/home/yentl/pytorch_gammanet/outputs_noshape_bias_final/arrays/per_image_all_channel_maps/baseline/002_Noshape_002_baseline.npy
2,Noshape_002.png,C_bias,0.25,h1_exc,128,2.5706186294555664,10.102401733398438,0.4812467396259308,/home/yentl/pytorch_gammanet/outputs_noshape_bias_final/arrays/per_image_all_channel_maps/C_bias/002_Noshape_002_C_bias.npy
2,Noshape_002.png,straight_bias,0.25,h1_exc,128,2.5946075916290283,9.694440841674805,0.49732285737991333,/home/yentl/pytorch_gammanet/outputs_noshape_bias_final/arrays/per_image_all_channel_maps/straight_bias/002_Noshape_002_straight_bias.npy
3,Noshape_003.png,baseline,0.0,h1_exc,128,2.199955940246582,6.205615043640137,0.38269659876823425,/home/yentl/pytorch_gammanet/outputs_noshape_bias_final/arrays/per_image_all_channel_maps/baseline/003_Noshape_003_baseline.npy
3,Noshape_003.png,C_bias,0.25,h1_exc,128,2.5752336978912354,6.474812030792236,0.4083397686481476,/home/yentl/pytorch_gammanet/outputs_noshape_bias_final/arrays/per_image_all_channel_maps/C_bias/003_Noshape_003_C_bias.npy
3,Noshape_003.png,straight_bias,0.25,h1_exc,128,2.605146646499634,6.737462043762207,0.41614845395088196,/home/yentl/pytorch_gammanet/outputs_noshape_bias_final/arrays/per_image_all_channel_maps/straight_bias/003_Noshape_003_straight_bias.npy
4,Noshape_004.png,baseline,0.0,h1_exc,128,2.2006568908691406,7.042038917541504,0.41523224115371704,/home/yentl/pytorch_gammanet/outputs_noshape_bias_final/arrays/per_image_all_channel_maps/baseline/004_Noshape_004_baseline.npy
4,Noshape_004.png,C_bias,0.25,h1_exc,128,2.5785257816314697,6.957128524780273,0.44401830434799194,/home/yentl/pytorch_gammanet/outputs_noshape_bias_final/arrays/per_image_all_channel_maps/C_bias/004_Noshape_004_C_bias.npy
4,Noshape_004.png,straight_bias,0.25,h1_exc,128,2.60394549369812,7.748019695281982,0.45286825299263,/home/yentl/pytorch_gammanet/outputs_noshape_bias_final/arrays/per_image_all_channel_maps/straight_bias/004_Noshape_004_straight_bias.npy
5,Noshape_005.png,baseline,0.0,h1_exc,128,2.193101644515991,7.797008037567139,0.37692156434059143,/home/yentl/pytorch_gammanet/outputs_noshape_bias_final/arrays/per_image_all_channel_maps/baseline/005_Noshape_005_baseline.npy
5,Noshape_005.png,C_bias,0.25,h1_exc,128,2.5676937103271484,7.653546333312988,0.3961946964263916,/home/yentl/pytorch_gammanet/outputs_noshape_bias_final/arrays/per_image_all_channel_maps/C_bias/005_Noshape_005_C_bias.npy
5,Noshape_005.png,straight_bias,0.25,h1_exc,128,2.593384027481079,8.557429313659668,0.4054794907569885,/home/yentl/pytorch_gammanet/outputs_noshape_bias_final/arrays/per_image_all_channel_maps/straight_bias/005_Noshape_005_straight_bias.npy
6,Noshape_006.png,baseline,0.0,h1_exc,128,2.187990188598633,6.974649906158447,0.39336976408958435,/home/yentl/pytorch_gammanet/outputs_noshape_bias_final/arrays/per_image_all_channel_maps/baseline/006_Noshape_006_baseline.npy
6,Noshape_006.png,C_bias,0.25,h1_exc,128,2.5621731281280518,7.019820690155029,0.41810280084609985,/home/yentl/pytorch_gammanet/outputs_noshape_bias_final/arrays/per_image_all_channel_maps/C_bias/006_Noshape_006_C_bias.npy
6,Noshape_006.png,straight_bias,0.25,h1_exc,128,2.589144706726074,7.745288848876953,0.4243963658809662,/home/yentl/pytorch_gammanet/outputs_noshape_bias_final/arrays/per_image_all_channel_maps/straight_bias/006_Noshape_006_straight_bias.npy
7,Noshape_007.png,baseline,0.0,h1_exc,128,2.1942391395568848,5.486459732055664,0.40259021520614624,/home/yentl/pytorch_gammanet/outputs_noshape_bias_final/arrays/per_image_all_channel_maps/baseline/007_Noshape_007_baseline.npy
7,Noshape_007.png,C_bias,0.25,h1_exc,128,2.569087505340576,6.040310859680176,0.42568439245224,/home/yentl/pytorch_gammanet/outputs_noshape_bias_final/arrays/per_image_all_channel_maps/C_bias/007_Noshape_007_C_bias.npy
7,Noshape_007.png,straight_bias,0.25,h1_exc,128,2.5948970317840576,5.952260971069336,0.436998575925827,/home/yentl/pytorch_gammanet/outputs_noshape_bias_final/arrays/per_image_all_channel_maps/straight_bias/007_Noshape_007_straight_bias.npy
8,Noshape_008.png,baseline,0.0,h1_exc,128,2.203366756439209,11.433500289916992,0.4220053553581238,/home/yentl/pytorch_gammanet/outputs_noshape_bias_final/arrays/per_image_all_channel_maps/baseline/008_Noshape_008_baseline.npy
8,Noshape_008.png,C_bias,0.25,h1_exc,128,2.57912015914917,11.33130931854248,0.4404563903808594,/home/yentl/pytorch_gammanet/outputs_noshape_bias_final/arrays/per_image_all_channel_maps/C_bias/008_Noshape_008_C_bias.npy
8,Noshape_008.png,straight_bias,0.25,h1_exc,128,2.605396270751953,12.023163795471191,0.4555087983608246,/home/yentl/pytorch_gammanet/outputs_noshape_bias_final/arrays/per_image_all_channel_maps/straight_bias/008_Noshape_008_straight_bias.npy
9,Noshape_009.png,baseline,0.0,h1_exc,128,2.199287176132202,7.989193916320801,0.39864489436149597,/home/yentl/pytorch_gammanet/outputs_noshape_bias_final/arrays/per_image_all_channel_maps/baseline/009_Noshape_009_baseline.npy
9,Noshape_009.png,C_bias,0.25,h1_exc,128,2.574150800704956,7.398256301879883,0.4213050901889801,/home/yentl/pytorch_gammanet/outputs_noshape_bias_final/arrays/per_image_all_channel_maps/C_bias/009_Noshape_009_C_bias.npy
9,Noshape_009.png,straight_bias,0.25,h1_exc,128,2.6024093627929688,8.70291519165039,0.4302140474319458,/home/yentl/pytorch_gammanet/outputs_noshape_bias_final/arrays/per_image_all_channel_maps/straight_bias/009_Noshape_009_straight_bias.npy
10,Noshape_010.png,baseline,0.0,h1_exc,128,2.1974542140960693,7.335783958435059,0.392494261264801,/home/yentl/pytorch_gammanet/outputs_noshape_bias_final/arrays/per_image_all_channel_maps/baseline/010_Noshape_010_baseline.npy
10,Noshape_010.png,C_bias,0.25,h1_exc,128,2.5721848011016846,7.152181148529053,0.40916624665260315,/home/yentl/pytorch_gammanet/outputs_noshape_bias_final/arrays/per_image_all_channel_maps/C_bias/010_Noshape_010_C_bias.npy
10,Noshape_010.png,straight_bias,0.25,h1_exc,128,2.600233554840088,8.408208847045898,0.4217570424079895,/home/yentl/pytorch_gammanet/outputs_noshape_bias_final/arrays/per_image_all_channel_maps/straight_bias/010_Noshape_010_straight_bias.npy
11,Noshape_011.png,baseline,0.0,h1_exc,128,2.197161912918091,7.485127925872803,0.41688719391822815,/home/yentl/pytorch_gammanet/outputs_noshape_bias_final/arrays/per_image_all_channel_maps/baseline/011_Noshape_011_baseline.npy
11,Noshape_011.png,C_bias,0.25,h1_exc,128,2.5727086067199707,7.007759094238281,0.44291114807128906,/home/yentl/pytorch_gammanet/outputs_noshape_bias_final/arrays/per_image_all_channel_maps/C_bias/011_Noshape_011_C_bias.npy
11,Noshape_011.png,straight_bias,0.25,h1_exc,128,2.598684549331665,8.328445434570312,0.4482439160346985,/home/yentl/pytorch_gammanet/outputs_noshape_bias_final/arrays/per_image_all_channel_maps/straight_bias/011_Noshape_011_straight_bias.npy
12,Noshape_012.png,baseline,0.0,h1_exc,128,2.202378034591675,6.517134666442871,0.3773607313632965,/home/yentl/pytorch_gammanet/outputs_noshape_bias_final/arrays/per_image_all_channel_maps/baseline/012_Noshape_012_baseline.npy
12,Noshape_012.png,C_bias,0.25,h1_exc,128,2.5771143436431885,6.491688251495361,0.3968071937561035,/home/yentl/pytorch_gammanet/outputs_noshape_bias_final/arrays/per_image_all_channel_maps/C_bias/012_Noshape_012_C_bias.npy
12,Noshape_012.png,straight_bias,0.25,h1_exc,128,2.6069395542144775,7.33130407333374,0.40901073813438416,/home/yentl/pytorch_gammanet/outputs_noshape_bias_final/arrays/per_image_all_channel_maps/straight_bias/012_Noshape_012_straight_bias.npy
13,Noshape_013.png,baseline,0.0,h1_exc,128,2.1988747119903564,8.220033645629883,0.3825654685497284,/home/yentl/pytorch_gammanet/outputs_noshape_bias_final/arrays/per_image_all_channel_maps/baseline/013_Noshape_013_baseline.npy
13,Noshape_013.png,C_bias,0.25,h1_exc,128,2.5725064277648926,8.447282791137695,0.39891013503074646,/home/yentl/pytorch_gammanet/outputs_noshape_bias_final/arrays/per_image_all_channel_maps/C_bias/013_Noshape_013_C_bias.npy
13,Noshape_013.png,straight_bias,0.25,h1_exc,128,2.602158784866333,8.79150390625,0.4124091863632202,/home/yentl/pytorch_gammanet/outputs_noshape_bias_final/arrays/per_image_all_channel_maps/straight_bias/013_Noshape_013_straight_bias.npy
14,Noshape_014.png,baseline,0.0,h1_exc,128,2.1928200721740723,8.284482955932617,0.422869473695755,/home/yentl/pytorch_gammanet/outputs_noshape_bias_final/arrays/per_image_all_channel_maps/baseline/014_Noshape_014_baseline.npy
14,Noshape_014.png,C_bias,0.25,h1_exc,128,2.5669381618499756,8.785778999328613,0.4392971992492676,/home/yentl/pytorch_gammanet/outputs_noshape_bias_final/arrays/per_image_all_channel_maps/C_bias/014_Noshape_014_C_bias.npy
14,Noshape_014.png,straight_bias,0.25,h1_exc,128,2.595010995864868,8.956345558166504,0.4604991376399994,/home/yentl/pytorch_gammanet/outputs_noshape_bias_final/arrays/per_image_all_channel_maps/straight_bias/014_Noshape_014_straight_bias.npy
15,Noshape_015.png,baseline,0.0,h1_exc,128,2.19826078414917,5.94150972366333,0.4049255847930908,/home/yentl/pytorch_gammanet/outputs_noshape_bias_final/arrays/per_image_all_channel_maps/baseline/015_Noshape_015_baseline.npy
15,Noshape_015.png,C_bias,0.25,h1_exc,128,2.5742311477661133,6.3643479347229,0.4353504478931427,/home/yentl/pytorch_gammanet/outputs_noshape_bias_final/arrays/per_image_all_channel_maps/C_bias/015_Noshape_015_C_bias.npy
15,Noshape_015.png,straight_bias,0.25,h1_exc,128,2.599947690963745,6.835254192352295,0.43487802147865295,/home/yentl/pytorch_gammanet/outputs_noshape_bias_final/arrays/per_image_all_channel_maps/straight_bias/015_Noshape_015_straight_bias.npy
16,Noshape_016.png,baseline,0.0,h1_exc,128,2.2032721042633057,6.9917893409729,0.4086073338985443,/home/yentl/pytorch_gammanet/outputs_noshape_bias_final/arrays/per_image_all_channel_maps/baseline/016_Noshape_016_baseline.npy
16,Noshape_016.png,C_bias,0.25,h1_exc,128,2.579728841781616,7.532057285308838,0.43155258893966675,/home/yentl/pytorch_gammanet/outputs_noshape_bias_final/arrays/per_image_all_channel_maps/C_bias/016_Noshape_016_C_bias.npy
16,Noshape_016.png,straight_bias,0.25,h1_exc,128,2.607867956161499,8.10257339477539,0.4461459219455719,/home/yentl/pytorch_gammanet/outputs_noshape_bias_final/arrays/per_image_all_channel_maps/straight_bias/016_Noshape_016_straight_bias.npy
17,Noshape_017.png,baseline,0.0,h1_exc,128,2.202716827392578,6.850724697113037,0.37598729133605957,/home/yentl/pytorch_gammanet/outputs_noshape_bias_final/arrays/per_image_all_channel_maps/baseline/017_Noshape_017_baseline.npy
17,Noshape_017.png,C_bias,0.25,h1_exc,128,2.5768520832061768,6.573016166687012,0.3978634178638458,/home/yentl/pytorch_gammanet/outputs_noshape_bias_final/arrays/per_image_all_channel_maps/C_bias/017_Noshape_017_C_bias.npy
17,Noshape_017.png,straight_bias,0.25,h1_exc,128,2.6077635288238525,7.452122688293457,0.40930211544036865,/home/yentl/pytorch_gammanet/outputs_noshape_bias_final/arrays/per_image_all_channel_maps/straight_bias/017_Noshape_017_straight_bias.npy
18,Noshape_018.png,baseline,0.0,h1_exc,128,2.1971333026885986,7.882920742034912,0.43343374133110046,/home/yentl/pytorch_gammanet/outputs_noshape_bias_final/arrays/per_image_all_channel_maps/baseline/018_Noshape_018_baseline.npy
18,Noshape_018.png,C_bias,0.25,h1_exc,128,2.5734708309173584,7.703557968139648,0.4575469195842743,/home/yentl/pytorch_gammanet/outputs_noshape_bias_final/arrays/per_image_all_channel_maps/C_bias/018_Noshape_018_C_bias.npy
18,Noshape_018.png,straight_bias,0.25,h1_exc,128,2.596813917160034,8.854280471801758,0.4749462604522705,/home/yentl/pytorch_gammanet/outputs_noshape_bias_final/arrays/per_image_all_channel_maps/straight_bias/018_Noshape_018_straight_bias.npy
19,Noshape_019.png,baseline,0.0,h1_exc,128,2.200579881668091,6.278357028961182,0.38660135865211487,/home/yentl/pytorch_gammanet/outputs_noshape_bias_final/arrays/per_image_all_channel_maps/baseline/019_Noshape_019_baseline.npy
19,Noshape_019.png,C_bias,0.25,h1_exc,128,2.577486991882324,6.534082412719727,0.4115007519721985,/home/yentl/pytorch_gammanet/outputs_noshape_bias_final/arrays/per_image_all_channel_maps/C_bias/019_Noshape_019_C_bias.npy
19,Noshape_019.png,straight_bias,0.25,h1_exc,128,2.604245901107788,7.078101634979248,0.419831246137619,/home/yentl/pytorch_gammanet/outputs_noshape_bias_final/arrays/per_image_all_channel_maps/straight_bias/019_Noshape_019_straight_bias.npy
20,Noshape_020.png,baseline,0.0,h1_exc,128,2.193530559539795,6.29067325592041,0.3938881456851959,/home/yentl/pytorch_gammanet/outputs_noshape_bias_final/arrays/per_image_all_channel_maps/baseline/020_Noshape_020_baseline.npy
20,Noshape_020.png,C_bias,0.25,h1_exc,128,2.568009853363037,6.898238658905029,0.42276298999786377,/home/yentl/pytorch_gammanet/outputs_noshape_bias_final/arrays/per_image_all_channel_maps/C_bias/020_Noshape_020_C_bias.npy
20,Noshape_020.png,straight_bias,0.25,h1_exc,128,2.5934371948242188,6.957952976226807,0.4293695092201233,/home/yentl/pytorch_gammanet/outputs_noshape_bias_final/arrays/per_image_all_channel_maps/straight_bias/020_Noshape_020_straight_bias.npy
21,Noshape_021.png,baseline,0.0,h1_exc,128,2.1963815689086914,5.299522876739502,0.3740082383155823,/home/yentl/pytorch_gammanet/outputs_noshape_bias_final/arrays/per_image_all_channel_maps/baseline/021_Noshape_021_baseline.npy
21,Noshape_021.png,C_bias,0.25,h1_exc,128,2.5707576274871826,5.750069618225098,0.40241193771362305,/home/yentl/pytorch_gammanet/outputs_noshape_bias_final/arrays/per_image_all_channel_maps/C_bias/021_Noshape_021_C_bias.npy
21,Noshape_021.png,straight_bias,0.25,h1_exc,128,2.597254991531372,5.858250141143799,0.4081980586051941,/home/yentl/pytorch_gammanet/outputs_noshape_bias_final/arrays/per_image_all_channel_maps/straight_bias/021_Noshape_021_straight_bias.npy
22,Noshape_022.png,baseline,0.0,h1_exc,128,2.19195818901062,6.035966396331787,0.40347033739089966,/home/yentl/pytorch_gammanet/outputs_noshape_bias_final/arrays/per_image_all_channel_maps/baseline/022_Noshape_022_baseline.npy
22,Noshape_022.png,C_bias,0.25,h1_exc,128,2.566540002822876,6.822190284729004,0.4323892891407013,/home/yentl/pytorch_gammanet/outputs_noshape_bias_final/arrays/per_image_all_channel_maps/C_bias/022_Noshape_022_C_bias.npy
22,Noshape_022.png,straight_bias,0.25,h1_exc,128,2.5912253856658936,6.847129821777344,0.4391402304172516,/home/yentl/pytorch_gammanet/outputs_noshape_bias_final/arrays/per_image_all_channel_maps/straight_bias/022_Noshape_022_straight_bias.npy
23,Noshape_023.png,baseline,0.0,h1_exc,128,2.193946599960327,8.737985610961914,0.4018150568008423,/home/yentl/pytorch_gammanet/outputs_noshape_bias_final/arrays/per_image_all_channel_maps/baseline/023_Noshape_023_baseline.npy
23,Noshape_023.png,C_bias,0.25,h1_exc,128,2.571317195892334,8.98641300201416,0.4234873354434967,/home/yentl/pytorch_gammanet/outputs_noshape_bias_final/arrays/per_image_all_channel_maps/C_bias/023_Noshape_023_C_bias.npy
23,Noshape_023.png,straight_bias,0.25,h1_exc,128,2.5948433876037598,8.975899696350098,0.43397870659828186,/home/yentl/pytorch_gammanet/outputs_noshape_bias_final/arrays/per_image_all_channel_maps/straight_bias/023_Noshape_023_straight_bias.npy
24,Noshape_024.png,baseline,0.0,h1_exc,128,2.198270082473755,7.410461902618408,0.4029252231121063,/home/yentl/pytorch_gammanet/outputs_noshape_bias_final/arrays/per_image_all_channel_maps/baseline/024_Noshape_024_baseline.npy
24,Noshape_024.png,C_bias,0.25,h1_exc,128,2.573443651199341,7.716850280761719,0.4253602623939514,/home/yentl/pytorch_gammanet/outputs_noshape_bias_final/arrays/per_image_all_channel_maps/C_bias/024_Noshape_024_C_bias.npy
24,Noshape_024.png,straight_bias,0.25,h1_exc,128,2.6011486053466797,8.380620956420898,0.43831560015678406,/home/yentl/pytorch_gammanet/outputs_noshape_bias_final/arrays/per_image_all_channel_maps/straight_bias/024_Noshape_024_straight_bias.npy
