filename,contour_type,contrast,jitter,quadrant,position,layer,channel,contour_mean_activation,background_mean_activation,contour_preference_ratio,activation_on_contour_pct,contour_area_pct,contour_enrichment,dice_top_activation,top_activation_percentile,rank,mean_activation,mean_abs_activation,max_activation
C_high_BL_0_J000_008.png,C,high,0,BL,0,h1_exc,29,18.158741,4.4947634,4.039977,6.359732,1.6533203125,3.8466424591061026,0.24905723623544032,90,1,5.676290512084961,5.676290512084961,41.77796936035156
C_high_BL_0_J000_008.png,C,high,0,BL,0,h1_exc,25,12.801694,4.126707,3.102157,4.9565916,1.6533203125,2.9979620637852147,0.2187211933292393,90,2,5.094890594482422,5.094890594482422,34.772823333740234
C_high_BL_0_J000_008.png,C,high,0,BL,0,h1_exc,7,11.632118,4.232444,2.748322,4.416205,1.6533203125,2.671112711343211,0.19877650213676462,90,4,4.584315776824951,4.584315776824951,28.954574584960938
C_high_BL_0_J000_008.png,C,high,0,BL,0,h1_exc,23,10.885768,3.603419,3.0209553,4.833119,1.6533203125,2.9232804132290955,0.19089918712797208,90,5,4.502274036407471,4.502274036407471,31.19719886779785
C_high_BL_0_J000_008.png,C,high,0,BL,0,h1_exc,78,11.502665,3.3739915,3.4092157,5.420611,1.6533203125,3.2786211062216006,0.21587195173031434,90,6,4.492697715759277,4.492697715759277,29.388458251953125
C_high_BL_0_J000_008.png,C,high,0,BL,0,h1_exc,80,8.6753845,3.703469,2.3425024,3.788811,1.6533203125,2.291637571278356,0.21939160311722164,90,9,4.386438369750977,4.386438369750977,16.711566925048828
C_high_BL_0_J000_008.png,C,high,0,BL,0,h1_exc,92,8.570839,3.1492577,2.7215426,4.3750567,1.6533203125,2.6462244999240467,0.21134668566143353,90,14,3.7947793006896973,3.7947793006896973,24.36182403564453
C_high_BL_0_J000_008.png,C,high,0,BL,0,h1_exc,72,15.029374,3.8186297,3.935803,6.2059183,1.6533203125,3.7536091630983712,0.22324645939812013,90,7,4.487730026245117,4.487730026245117,38.79279327392578
C_high_BL_0_J000_008.png,C,high,0,BL,0,h1_exc,28,6.863042,3.1006718,2.213405,3.587497,1.6533203125,2.169874129715661,0.1733009301934356,90,16,3.5082831382751465,3.5082831382751465,16.631629943847656
C_high_BL_0_J000_008.png,C,high,0,BL,0,h1_exc,61,12.954086,2.704425,4.7899594,7.45237,1.6533203125,4.507517427421306,0.2529120925163388,90,24,3.0584404468536377,3.0584404468536377,29.796859741210938
C_high_BL_0_J000_008.png,C,high,0,BL,0,h1_exc,13,11.679131,1.8103434,6.4513345,9.784284,1.6533203125,5.9179600618503185,0.24319115059059482,90,35,2.559133529663086,2.559133529663086,43.78397750854492
C_high_BL_0_J000_008.png,C,high,0,BL,0,h1_exc,58,4.9021673,2.0353253,2.4085424,3.8914688,1.6533203125,2.353729468145118,0.22056482024619076,90,37,2.530055046081543,2.530055046081543,10.576884269714355
C_high_BL_0_J000_008.png,C,high,0,BL,0,h1_exc,62,5.4329147,2.131385,2.5490067,4.109091,1.6533203125,2.485356738880654,0.21821838598825255,90,38,2.5113744735717773,2.5113744735717773,17.3598575592041
C_high_BL_0_J000_008.png,C,high,0,BL,0,h1_exc,90,4.309964,1.5717176,2.7422001,4.4068003,1.6533203125,2.6654243646004456,0.1707868934885018,90,41,2.448103666305542,2.448103666305542,19.00162696838379
C_high_BL_0_J000_008.png,C,high,0,BL,0,h1_exc,0,8.001434,1.7505286,4.5708675,7.1358247,1.6533203125,4.316056957152881,0.22307885695112453,90,43,2.389777183532715,2.389777183532715,31.704055786132812
C_high_BL_0_J000_008.png,C,high,0,BL,0,h1_exc,99,5.7092633,1.2168305,4.6919136,7.3109794,1.6533203125,4.421998125110744,0.18989357244599855,90,62,1.9388489723205566,1.9388489723205566,28.418643951416016
C_high_BL_0_J000_008.png,C,high,0,BL,0,h1_exc,36,7.639557,1.1381646,6.712172,10.139765,1.6533203125,6.132970512595028,0.20648621469856154,90,78,1.787288784980774,1.787288784980774,39.91283416748047
C_high_BL_0_J000_008.png,C,high,0,BL,0,h1_exc,76,3.6685634,0.8600727,4.265411,6.690867,1.6533203125,4.046927178065987,0.20430738288761893,90,102,1.3437559604644775,1.3437559604644775,16.859769821166992
C_high_BL_0_J000_008.png,C,high,0,BL,0,h1_exc,16,2.8639605,1.5220932,1.8815935,3.066185,1.6533203125,1.8545619719487805,0.156540685493877,90,44,2.3770904541015625,2.3770904541015625,11.220342636108398
C_high_BL_0_J000_008.png,C,high,0,BL,0,h1_exc,120,1.0925511,0.61331254,1.7813938,2.9076505,1.6533203125,1.758673398713783,0.14464091175719043,90,113,1.1382129192352295,1.1382129192352295,5.169285297393799
C_high_BL_0_J000_008.png,C,high,0,BL,0,h1_exc,105,7.100786,1.8589303,3.8198237,6.0340796,1.6533203125,3.6496736110837817,0.23481102824081554,90,30,2.8533129692077637,2.8533129692077637,28.38812828063965
C_high_BL_0_J000_008.png,C,high,0,BL,0,h1_exc,87,4.2544284,1.6681596,2.5503726,4.111202,1.6533203125,2.4866335381013718,0.18453029414213984,90,53,2.229494094848633,2.229494094848633,14.851741790771484
C_high_BL_0_J000_008.png,C,high,0,BL,0,h1_exc,67,2.0725837,1.2521645,1.6552008,2.7072508,1.6533203125,1.6374629868564703,0.12670744992866276,90,57,2.1475844383239746,2.1475844383239746,10.40425968170166
C_high_BL_0_J000_008.png,C,high,0,BL,0,td_h1_exc,29,9.705755,2.8798106,3.3702755,5.3620167,1.6533203125,3.24318077077072,0.25324729741033,90,1,3.562081813812256,3.562081813812256,22.925941467285156
C_high_BL_0_J000_008.png,C,high,0,BL,0,td_h1_exc,23,8.048469,2.5969133,3.099244,4.952167,1.6533203125,2.9952858903112953,0.17564736445137377,90,2,2.9497313499450684,2.9497313499450684,26.288991928100586
C_high_BL_0_J000_008.png,C,high,0,BL,0,td_h1_exc,7,8.004011,2.5107136,3.1879427,5.0866866,1.6533203125,3.076649177991059,0.21570434928331877,90,4,2.669651985168457,2.669651985168457,21.891035079956055
C_high_BL_0_J000_008.png,C,high,0,BL,0,td_h1_exc,78,7.450698,1.9185203,3.8835647,6.1285977,1.6533203125,3.706842317822318,0.22274365205713337,90,5,2.39316463470459,2.39316463470459,20.803455352783203
C_high_BL_0_J000_008.png,C,high,0,BL,0,td_h1_exc,92,5.838689,2.1270044,2.745029,4.411147,1.6533203125,2.66805352694426,0.21503393949533642,90,6,2.2806060314178467,2.2806060314178467,13.916828155517578
C_high_BL_0_J000_008.png,C,high,0,BL,0,td_h1_exc,25,6.89281,1.7482871,3.9426076,6.2159815,1.6533203125,3.759695806593748,0.22257604961013777,90,8,2.131653070449829,2.131653070449829,19.075847625732422
C_high_BL_0_J000_008.png,C,high,0,BL,0,td_h1_exc,105,4.0911336,1.5037255,2.7206652,4.373707,1.6533203125,2.645408006001785,0.21955920556421724,90,11,2.032456398010254,2.032456398010254,9.441346168518066
C_high_BL_0_J000_008.png,C,high,0,BL,0,td_h1_exc,61,9.6050415,1.8170782,5.285981,8.161116,1.6533203125,4.936197502261274,0.2607894075251313,90,12,2.0017471313476562,2.0017471313476562,22.691272735595703
C_high_BL_0_J000_008.png,C,high,0,BL,0,td_h1_exc,80,4.7247705,1.8362257,2.5730882,4.146301,1.6533203125,2.507862956903859,0.23414061845283318,90,13,1.9337495565414429,1.9337495565414429,9.616158485412598
C_high_BL_0_J000_008.png,C,high,0,BL,0,td_h1_exc,72,8.364123,1.4337585,5.8337045,8.93123,1.6533203125,5.401995892643864,0.22760412302000535,90,16,1.6746333837509155,1.6746333837509155,21.99262237548828
C_high_BL_0_J000_008.png,C,high,0,BL,0,td_h1_exc,1,2.5544577,1.2468194,2.0487792,3.3295548,1.6533203125,2.0138594747230973,0.21000586608546884,90,32,1.299087405204773,1.299087405204773,5.196395397186279
C_high_BL_0_J000_008.png,C,high,0,BL,0,td_h1_exc,58,1.7702831,0.9816373,1.8033984,2.9425104,1.6533203125,1.7797581789779393,0.19374842872689704,90,41,1.1974271535873413,1.1974271535873413,4.286971569061279
C_high_BL_0_J000_008.png,C,high,0,BL,0,td_h1_exc,48,3.2460868,0.90061265,3.6043096,5.713086,1.6533203125,3.4555228351612204,0.2046425877816101,90,44,1.0356993675231934,1.0356993675231934,15.57629680633545
C_high_BL_0_J000_008.png,C,high,0,BL,0,td_h1_exc,17,0.6543165,0.59904194,1.0922716,1.8031241,1.6533203125,1.0906078184782861,0.03016844045920542,90,57,0.9031758308410645,0.9031758308410645,6.837369918823242
C_high_BL_0_J000_008.png,C,high,0,BL,0,td_h1_exc,53,1.9680045,0.6358574,3.0950406,4.945783,1.6533203125,2.9914246325821394,0.1825190647781928,90,64,0.7915949821472168,0.7915949821472168,8.125388145446777
C_high_BL_0_J000_008.png,C,high,0,BL,0,td_h1_exc,31,0.32343125,0.45859686,0.7052627,1.1717349,1.6533203125,0.7087162198024562,0.012905388418660096,90,93,0.565671980381012,0.565671980381012,2.812095880508423
C_high_BL_0_J000_008.png,C,high,0,BL,0,td_h1_exc,118,1.0902869,0.4313615,2.5275478,4.075908,1.6533203125,2.4652864472677005,0.2069890220395483,90,96,0.5535036325454712,0.5535036325454712,2.444171905517578
C_high_BL_0_J000_008.png,C,high,0,BL,0,td_h1_exc,46,0.6989107,0.40951073,1.706697,2.789129,1.6533203125,1.6869864725101202,0.11061761501708654,90,104,0.5029887557029724,0.5029887557029724,2.9926559925079346
C_high_BL_0_J000_008.png,C,high,0,BL,0,td_h1_exc,106,0.31849518,0.43808228,0.7270214,1.2074487,1.6533203125,0.7303174735711306,0.01592223246458064,90,105,0.4950638711452484,0.4950638711452484,3.69461989402771
C_high_BL_0_J000_008.png,C,high,0,BL,0,td_h1_exc,127,0.24782018,0.25866717,0.95806587,1.5850885,1.6533203125,0.9587304225735237,0.04374423866584786,90,113,0.39284396171569824,0.39284396171569824,2.942340135574341
straight_high_BL_0_J000_003.png,straight,high,0,BL,0,h1_exc,29,20.806938,4.5331655,4.589936,3.6870735,0.8271484375000001,4.457571649086589,0.1338504554882891,90,1,5.748300552368164,5.748300552368164,43.43383026123047
straight_high_BL_0_J000_003.png,straight,high,0,BL,0,h1_exc,25,17.599026,4.207065,4.1832075,3.3713665,0.8271484375000001,4.075890501933744,0.14413276810666173,90,2,5.101926803588867,5.101926803588867,35.2630615234375
straight_high_BL_0_J000_003.png,straight,high,0,BL,0,h1_exc,7,12.012602,4.1916924,2.8658118,2.3344247,0.8271484375000001,2.8222560789072872,0.11815639938656249,90,4,4.5831828117370605,4.5831828117370605,26.87164878845215
straight_high_BL_0_J000_003.png,straight,high,0,BL,0,h1_exc,72,20.409088,3.8013115,5.36896,4.2860384,0.8271484375000001,5.181703975503956,0.14160728781442986,90,6,4.531583786010742,4.531583786010742,41.25046157836914
straight_high_BL_0_J000_003.png,straight,high,0,BL,0,h1_exc,80,11.731758,3.680418,3.1876156,2.5897694,0.8271484375000001,3.1309607981864946,0.1379994588255272,90,9,4.377313137054443,4.377313137054443,19.869768142700195
straight_high_BL_0_J000_003.png,straight,high,0,BL,0,h1_exc,92,12.180464,3.0705626,3.9668508,3.2025824,0.8271484375000001,3.8718350605547913,0.13980337331997852,90,14,3.7778854370117188,3.7778854370117188,28.06157875061035
straight_high_BL_0_J000_003.png,straight,high,0,BL,0,h1_exc,28,8.903691,3.0761912,2.8943882,2.3571537,0.8271484375000001,2.849734725638242,0.1278975376565997,90,16,3.4965715408325195,3.4965715408325195,18.089885711669922
straight_high_BL_0_J000_003.png,straight,high,0,BL,0,h1_exc,61,18.04481,2.6891692,6.7101803,5.299988,0.8271484375000001,6.407541244848614,0.1515288175339122,90,24,3.0086264610290527,3.0086264610290527,36.99102783203125
straight_high_BL_0_J000_003.png,straight,high,0,BL,0,h1_exc,105,8.137721,1.9610499,4.149676,3.3452451,0.8271484375000001,4.044310465697326,0.13836024172441747,90,30,2.8160834312438965,2.8160834312438965,21.683815002441406
straight_high_BL_0_J000_003.png,straight,high,0,BL,0,h1_exc,13,19.085087,1.7737341,10.759835,8.23517,0.8271484375000001,9.956097226888504,0.13348967258939884,90,35,2.529369831085205,2.529369831085205,67.59261322021484
straight_high_BL_0_J000_003.png,straight,high,0,BL,0,h1_exc,62,6.4667,2.0690148,3.1254973,2.540584,0.8271484375000001,3.0714971357929386,0.14359159375832634,90,39,2.4994728565216064,2.4994728565216064,12.133041381835938
straight_high_BL_0_J000_003.png,straight,high,0,BL,0,h1_exc,16,3.7869134,1.4477075,2.6158,2.135119,0.8271484375000001,2.5813008146088894,0.11003878416153148,90,43,2.386193037033081,2.386193037033081,12.706192970275879
straight_high_BL_0_J000_003.png,straight,high,0,BL,0,h1_exc,0,10.571937,1.7481592,6.047468,4.801683,0.8271484375000001,5.805104227154052,0.13962298187053337,90,45,2.3758010864257812,2.3758010864257812,25.423660278320312
straight_high_BL_0_J000_003.png,straight,high,0,BL,0,h1_exc,20,7.376681,1.7991928,4.0999947,3.30652,0.8271484375000001,3.997492826339342,0.1315053666455024,90,53,2.211973190307617,2.211973190307617,20.255916595458984
straight_high_BL_0_J000_003.png,straight,high,0,BL,0,h1_exc,87,4.787107,1.7283868,2.7696967,2.257899,0.8271484375000001,2.729738601055905,0.11707405068989168,90,52,2.226665735244751,2.226665735244751,13.338601112365723
straight_high_BL_0_J000_003.png,straight,high,0,BL,0,h1_exc,27,4.219056,1.726527,2.4436665,1.9974233,0.8271484375000001,2.4148304905164673,0.08875259312700572,90,61,2.0379397869110107,2.0379397869110107,12.76051139831543
straight_high_BL_0_J000_003.png,straight,high,0,BL,0,h1_exc,99,9.950432,1.2679642,7.847565,6.1431556,0.8271484375000001,7.4269081848196095,0.1316857580949475,90,62,1.957944393157959,1.957944393157959,44.65234375
straight_high_BL_0_J000_003.png,straight,high,0,BL,0,h1_exc,53,5.086239,1.3311158,3.821034,3.0884945,0.8271484375000001,3.733905985794483,0.12428970866769704,90,67,1.9157639741897583,1.9157639741897583,13.987329483032227
straight_high_BL_0_J000_003.png,straight,high,0,BL,0,h1_exc,84,6.110906,1.2657698,4.827818,3.8707669,0.8271484375000001,4.679651989708958,0.13330928113995372,90,82,1.690818190574646,1.690818190574646,14.476702690124512
straight_high_BL_0_J000_003.png,straight,high,0,BL,0,h1_exc,89,4.072236,1.215309,3.3507824,2.7187304,0.8271484375000001,3.2868712477109656,0.08875259312700572,90,87,1.611118197441101,1.611118197441101,19.528079986572266
straight_high_BL_0_J000_003.png,straight,high,0,BL,0,h1_exc,76,5.410026,0.95625716,5.657501,4.506002,0.8271484375000001,5.447633931888993,0.13330928113995372,90,101,1.3404748439788818,1.3404748439788818,20.742843627929688
straight_high_BL_0_J000_003.png,straight,high,0,BL,0,h1_exc,118,4.442792,1.0904787,4.074167,3.286375,0.8271484375000001,3.973138141900903,0.1289798863532705,90,102,1.3227511644363403,1.3227511644363403,18.849987030029297
straight_high_BL_0_J000_003.png,straight,high,0,BL,0,h1_exc,120,1.4606104,0.67193377,2.1737416,1.7807186,0.8271484375000001,2.152840364228795,0.09163885631812786,90,113,1.1427520513534546,1.1427520513534546,5.633741855621338
straight_high_BL_0_J000_003.png,straight,high,0,BL,0,td_h1_exc,29,10.772099,2.765165,3.895644,3.146903,0.8271484375000001,3.8045202738833668,0.13258771534217317,90,1,3.610541343688965,3.610541343688965,23.189178466796875
straight_high_BL_0_J000_003.png,straight,high,0,BL,0,td_h1_exc,7,8.468255,2.5084357,3.3759108,2.7385602,0.8271484375000001,3.310844876774732,0.1251916659149227,90,4,2.6574273109436035,2.6574273109436035,16.446054458618164
straight_high_BL_0_J000_003.png,straight,high,0,BL,0,td_h1_exc,92,8.402222,2.113043,3.9763608,3.2100139,0.8271484375000001,3.8808195507428067,0.14034454766831392,90,6,2.277388572692871,2.277388572692871,18.06319236755371
straight_high_BL_0_J000_003.png,straight,high,0,BL,0,td_h1_exc,25,10.1850815,1.7309504,5.884098,4.6780353,0.8271484375000001,5.65561752958114,0.14521511680333252,90,8,2.1383376121520996,2.1383376121520996,20.542715072631836
straight_high_BL_0_J000_003.png,straight,high,0,BL,0,td_h1_exc,62,3.8926904,1.8004242,2.1620963,1.7713478,0.8271484375000001,2.1415113169926787,0.1273563633082643,90,9,2.064971923828125,2.064971923828125,8.57112979888916
straight_high_BL_0_J000_003.png,straight,high,0,BL,0,td_h1_exc,28,4.9158163,1.9010158,2.5858893,2.11122,0.8271484375000001,2.552407478181342,0.1197799224315687,90,10,2.048905849456787,2.048905849456787,11.317035675048828
straight_high_BL_0_J000_003.png,straight,high,0,BL,0,td_h1_exc,105,4.8221035,1.4848784,3.2474737,2.6371186,0.8271484375000001,3.188204712138026,0.13781906737608204,90,11,2.0178685188293457,2.0178685188293457,9.271440505981445
straight_high_BL_0_J000_003.png,straight,high,0,BL,0,td_h1_exc,61,13.618655,1.8148905,7.503844,5.8899355,0.8271484375000001,7.120771986299638,0.15279155768002814,90,12,1.9655227661132812,1.9655227661132812,24.809965133666992
straight_high_BL_0_J000_003.png,straight,high,0,BL,0,td_h1_exc,80,6.7856994,1.8213825,3.7255762,3.013663,0.8271484375000001,3.643436752642364,0.1407053305672042,90,13,1.9328453540802002,1.9328453540802002,12.36902141571045
straight_high_BL_0_J000_003.png,straight,high,0,BL,0,td_h1_exc,0,7.590518,1.4301853,5.307367,4.238953,0.8271484375000001,5.1247791449864355,0.13944259042108825,90,14,1.8785308599472046,1.8785308599472046,21.524911880493164
straight_high_BL_0_J000_003.png,straight,high,0,BL,0,td_h1_exc,72,12.442854,1.4567313,8.541626,6.650343,0.8271484375000001,8.040083930985288,0.1408857220166493,90,15,1.706990361213684,1.706990361213684,26.380773544311523
straight_high_BL_0_J000_003.png,straight,high,0,BL,0,td_h1_exc,20,3.8814871,1.2547351,3.0934713,2.5152063,0.8271484375000001,3.0408161250584915,0.11436817894821469,90,20,1.5571774244308472,1.5571774244308472,10.425697326660156
straight_high_BL_0_J000_003.png,straight,high,0,BL,0,td_h1_exc,54,2.1857169,1.1419016,1.9141027,1.5713658,0.8271484375000001,1.899738599560716,0.05952917831689408,90,29,1.311018705368042,1.311018705368042,17.48322868347168
straight_high_BL_0_J000_003.png,straight,high,0,BL,0,td_h1_exc,63,2.2802207,0.94119817,2.4226787,1.9806075,0.8271484375000001,2.3945006674428133,0.11959953098212356,90,30,1.3012793064117432,1.3012793064117432,4.137305736541748
straight_high_BL_0_J000_003.png,straight,high,0,BL,0,td_h1_exc,1,3.085941,1.2294358,2.5100465,2.0505688,0.8271484375000001,2.479081989748908,0.12447010011714217,90,32,1.284126877784729,1.284126877784729,6.395458698272705
straight_high_BL_0_J000_003.png,straight,high,0,BL,0,td_h1_exc,108,2.018802,1.1546993,1.7483356,1.4372371,0.8271484375000001,1.7375806578135906,0.12032109677990409,90,35,1.260319709777832,1.260319709777832,3.4353621006011963
straight_high_BL_0_J000_003.png,straight,high,0,BL,0,td_h1_exc,41,2.9032915,0.9939485,2.9209676,2.3782847,0.8271484375000001,2.8752815772700604,0.1316857580949475,90,39,1.2098742723464966,1.2098742723464966,5.451322555541992
straight_high_BL_0_J000_003.png,straight,high,0,BL,0,td_h1_exc,58,1.956034,1.0948724,1.7865406,1.4681827,0.8271484375000001,1.7749929742702293,0.12501127446547758,90,40,1.2020589113235474,1.2020589113235474,3.3326523303985596
straight_high_BL_0_J000_003.png,straight,high,0,BL,0,td_h1_exc,84,3.5588531,0.9054794,3.9303524,3.174051,0.8271484375000001,3.8373414783825237,0.13042301794883157,90,44,1.0619785785675049,1.0619785785675049,8.190583229064941
straight_high_BL_0_J000_003.png,straight,high,0,BL,0,td_h1_exc,43,1.7620318,0.5919423,2.976695,2.4225595,0.8271484375000001,2.928808615989816,0.13330928113995372,90,58,0.876922070980072,0.876922070980072,3.785036325454712
straight_high_BL_0_J000_003.png,straight,high,0,BL,0,td_h1_exc,53,2.8730907,0.62342954,4.6085253,3.7014542,0.8271484375000001,4.474957516737231,0.11635248489211115,90,64,0.8066934943199158,0.8066934943199158,7.977601528167725
straight_high_BL_0_J000_003.png,straight,high,0,BL,0,td_h1_exc,91,1.1626692,0.54971874,2.1150255,1.7334524,0.8271484375000001,2.095696902469452,0.12483088301603243,90,65,0.7904289960861206,0.7904289960861206,2.2912068367004395
straight_high_BL_0_J000_003.png,straight,high,0,BL,0,td_h1_exc,51,1.0120574,0.51527786,1.9641004,1.6117495,0.8271484375000001,1.9485613915010844,0.09362316226202433,90,81,0.6530964374542236,0.6530964374542236,3.138021945953369
straight_high_BL_0_J000_003.png,straight,high,0,BL,0,td_h1_exc,118,1.626847,0.46792847,3.4767003,2.8180172,0.8271484375000001,3.406906284907207,0.12825832055548997,90,96,0.5573915243148804,0.5573915243148804,3.223322629928589
