bias_strength,bias_condition,contour_type,layer,channel_group,n_channels,mean_contour_preference_ratio,sem_contour_preference_ratio,mean_activation_on_contour_pct,sem_activation_on_contour_pct,mean_contour_enrichment,sem_contour_enrichment,mean_dice_top_activation,sem_dice_top_activation
0.05,C_bias,C,h1_exc,C_channels,77,2.009434,0.031811364,3.2199812,0.04798874,1.9475845802938974,0.029025675871137663,0.12418980196058534,0.0018814913352297473
0.05,C_bias,C,h1_exc,straight_channels,51,1.510378,0.027742598,2.4510934,0.043414224,1.4825278093307839,0.02625881053463786,0.08617262630639592,0.0021403267817851042
0.05,C_bias,C,td_h1_exc,C_channels,77,1.7946129,0.030753424,2.8825674,0.04768375,1.7435021181568053,0.028841205199455003,0.10295263593247186,0.0021202769640511895
0.05,C_bias,C,td_h1_exc,straight_channels,51,1.411332,0.03195634,2.284579,0.04945422,1.3818127575126737,0.02991206086500507,0.08268896026546398,0.002344839649955253
0.05,C_bias,straight,h1_exc,C_channels,77,1.664587,0.0274639,1.3598789,0.021756172,1.6440566270133767,0.026302621205468467,0.052393667398703894,0.0010523662546298653
0.05,C_bias,straight,h1_exc,straight_channels,51,1.655521,0.030398225,1.3542312,0.024314241,1.6372286721193396,0.029395257561282594,0.05473365377042017,0.0013201352380999328
0.05,C_bias,straight,td_h1_exc,C_channels,77,1.5530306,0.028317248,1.2685525,0.02270611,1.5336455880622017,0.027451069634901824,0.046816068782861466,0.0011676959902507669
0.05,C_bias,straight,td_h1_exc,straight_channels,51,1.5192752,0.033074174,1.2421229,0.026424104,1.5016928187283711,0.03194602489348895,0.04987198796377284,0.0014384717199457842
0.05,baseline,C,h1_exc,C_channels,77,1.9652988,0.030304424,3.1546438,0.04596723,1.9080657970037362,0.027802977699540387,0.12252251216300082,0.001872247881077968
0.05,baseline,C,h1_exc,straight_channels,51,1.4998863,0.027220229,2.4352174,0.04265222,1.4729253376252882,0.0257979154303461,0.08533360850094873,0.002125310092475823
0.05,baseline,C,td_h1_exc,C_channels,77,1.7454474,0.02935268,2.808548,0.045660224,1.6987320409854938,0.027617287956143936,0.10237804904863923,0.002115077961827251
0.05,baseline,C,td_h1_exc,straight_channels,51,1.4027867,0.03150111,2.2717657,0.048800882,1.374062599504205,0.029516895123582118,0.08213428550299105,0.002333921983030514
0.05,baseline,straight,h1_exc,C_channels,77,1.6335531,0.026319642,1.3354402,0.020901069,1.614510992365298,0.02526882550864433,0.0515996682863755,0.0010466447416438538
0.05,baseline,straight,h1_exc,straight_channels,51,1.6469203,0.02988481,1.3475043,0.023922715,1.629095990706508,0.028921912721918127,0.05443951734059749,0.0013176219649828707
0.05,baseline,straight,td_h1_exc,C_channels,77,1.5190853,0.027171614,1.2417446,0.02181623,1.5012355480546884,0.02637522949707399,0.046465801475616665,0.001163786127022944
0.05,baseline,straight,td_h1_exc,straight_channels,51,1.5129611,0.032709494,1.2371835,0.026145596,1.4957212626471932,0.031609315227452923,0.049764630347886515,0.0014393544665877163
0.05,straight_bias,C,h1_exc,C_channels,77,1.970866,0.03054757,3.1627681,0.046281878,1.9129795995512697,0.027993290974399572,0.12283677415571022,0.0018747661547394115
0.05,straight_bias,C,h1_exc,straight_channels,51,1.5153009,0.02778596,2.4589105,0.043442726,1.4872559433781112,0.026276048488438383,0.08591569056513469,0.002125501863053007
0.05,straight_bias,C,td_h1_exc,C_channels,77,1.7436277,0.02935188,2.8056743,0.04564583,1.6969936963796788,0.02760858242841854,0.10219770852530538,0.002113774096167564
0.05,straight_bias,C,td_h1_exc,straight_channels,51,1.4329948,0.033154014,2.3169687,0.051076528,1.4014033086156048,0.030893305071562335,0.08269334213893403,0.002325919244082852
0.05,straight_bias,straight,h1_exc,C_channels,77,1.6383027,0.026546206,1.339151,0.021067783,1.6189972354740452,0.02547037767728085,0.051807516466529896,0.0010476532125226045
0.05,straight_bias,straight,h1_exc,straight_channels,51,1.6632992,0.030570474,1.3604617,0.024432024,1.6447611436017755,0.029537653096902133,0.05477086788384434,0.0013153518606199824
0.05,straight_bias,straight,td_h1_exc,C_channels,77,1.5165808,0.0271789,1.2397038,0.021818915,1.4987681817817102,0.026378475499964582,0.04639294958536199,0.0011616610184161348
0.05,straight_bias,straight,td_h1_exc,straight_channels,51,1.5447309,0.034158856,1.2622335,0.027233317,1.5260059390835665,0.032924341012867314,0.0498646405965074,0.0014298638195496824
0.15,C_bias,C,h1_exc,C_channels,77,2.0892031,0.034689505,3.3370013,0.051739752,2.0183634164954247,0.03129445046712946,0.12753659868668824,0.0018962690227735451
0.15,C_bias,C,h1_exc,straight_channels,51,1.5339528,0.02888717,2.486743,0.045077413,1.5040902633655024,0.02726477802514876,0.08783077104414862,0.0021683239423427206
0.15,C_bias,C,td_h1_exc,C_channels,77,1.8898543,0.03340632,3.025383,0.051439952,1.8298831749160436,0.03111311927503132,0.10404154957113981,0.002125608721620796
0.15,C_bias,C,td_h1_exc,straight_channels,51,1.4315299,0.032925684,2.3150194,0.050847046,1.400224386321768,0.030754504281383016,0.08391801905762662,0.0023681150084127836
0.15,C_bias,straight,h1_exc,C_channels,77,1.7215639,0.029681746,1.4045626,0.023387477,1.6980780171391117,0.028274824983612935,0.05404165546568008,0.0010623191455305131
0.15,C_bias,straight,h1_exc,straight_channels,51,1.675791,0.031563733,1.3700885,0.025201228,1.6563996826658132,0.03046759844736727,0.05535122861626392,0.00132543433789515
0.15,C_bias,straight,td_h1_exc,C_channels,77,1.6220952,0.030500332,1.3230687,0.024388699,1.599554062479215,0.029485275116820194,0.04752574725706755,0.001174268777804956
0.15,C_bias,straight,td_h1_exc,straight_channels,51,1.5355909,0.033886604,1.2549462,0.027045153,1.517195874969965,0.03269685467776151,0.05019230155712982,0.001439539902258764
0.15,baseline,C,h1_exc,C_channels,77,1.9652988,0.030304424,3.1546438,0.04596723,1.9080657970037362,0.027802977699540387,0.12252251216300082,0.001872247881077968
0.15,baseline,C,h1_exc,straight_channels,51,1.4998863,0.027220229,2.4352174,0.04265222,1.4729253376252882,0.0257979154303461,0.08533360850094873,0.002125310092475823
0.15,baseline,C,td_h1_exc,C_channels,77,1.7454474,0.02935268,2.808548,0.045660224,1.6987320409854938,0.027617287956143936,0.10237804904863923,0.002115077961827251
0.15,baseline,C,td_h1_exc,straight_channels,51,1.4027867,0.03150111,2.2717657,0.048800882,1.374062599504205,0.029516895123582118,0.08213428550299105,0.002333921983030514
0.15,baseline,straight,h1_exc,C_channels,77,1.6335531,0.026319642,1.3354402,0.020901069,1.614510992365298,0.02526882550864433,0.0515996682863755,0.0010466447416438538
0.15,baseline,straight,h1_exc,straight_channels,51,1.6469203,0.02988481,1.3475043,0.023922715,1.629095990706508,0.028921912721918127,0.05443951734059749,0.0013176219649828707
0.15,baseline,straight,td_h1_exc,C_channels,77,1.5190853,0.027171614,1.2417446,0.02181623,1.5012355480546884,0.02637522949707399,0.046465801475616665,0.001163786127022944
0.15,baseline,straight,td_h1_exc,straight_channels,51,1.5129611,0.032709494,1.2371835,0.026145596,1.4957212626471932,0.031609315227452923,0.049764630347886515,0.0014393544665877163
0.15,straight_bias,C,h1_exc,C_channels,77,1.9831022,0.0310749,3.1806195,0.046966355,1.923776830723282,0.028407293734709606,0.1235011865734331,0.0018796580173191498
0.15,straight_bias,C,h1_exc,straight_channels,51,1.543313,0.028736133,2.5020454,0.044739537,1.5133458387091305,0.027060417338829225,0.08711801675681266,0.0021283199358032687
0.15,straight_bias,C,td_h1_exc,C_channels,77,1.7418219,0.029420894,2.8026435,0.04571672,1.6951607346174105,0.027651459902868224,0.10183584923955269,0.0021106799203034605
0.15,straight_bias,C,td_h1_exc,straight_channels,51,1.4928982,0.036994778,2.4048855,0.056204606,1.4545793126418438,0.03399498813089264,0.08364268335906162,0.0023125537814142824
0.15,straight_bias,straight,h1_exc,C_channels,77,1.6485385,0.027026119,1.3471488,0.02142083,1.628666286557255,0.025897202959801163,0.052248994815244476,0.0010501636716651556
0.15,straight_bias,straight,h1_exc,straight_channels,51,1.6888199,0.031557444,1.3806758,0.025151353,1.6691994694180174,0.03040730220899426,0.055392099863529484,0.0013120666445497757
0.15,straight_bias,straight,td_h1_exc,C_channels,77,1.513152,0.02725012,1.2368692,0.021867523,1.4953412188406532,0.02643724023619259,0.04627618924122067,0.0011570251197139277
0.15,straight_bias,straight,td_h1_exc,straight_channels,51,1.6066481,0.03743047,1.3106732,0.02963663,1.584568314804699,0.035829881404304806,0.05007629860842413,0.0014129777355939292
0.25,C_bias,C,h1_exc,C_channels,77,2.1507368,0.03663215,3.4275033,0.054258406,2.0731029619541883,0.032817843461811456,0.1306683022169872,0.001908908902820156
0.25,C_bias,C,h1_exc,straight_channels,51,1.5610975,0.030167254,2.5277362,0.04692826,1.528884785046343,0.028384252223384067,0.08949284829977251,0.0021951358526134225
0.25,C_bias,C,td_h1_exc,C_channels,77,1.9616067,0.035090093,3.1333447,0.053780653,1.8951830525138826,0.032528875427848526,0.10519364205396571,0.00212176042380784
0.25,C_bias,C,td_h1_exc,straight_channels,51,1.4567018,0.0339806,2.3531725,0.052363846,1.4233009571258717,0.0316719302893114,0.08528590690490406,0.002391958187024636
0.25,C_bias,straight,h1_exc,C_channels,77,1.7672641,0.031260345,1.440444,0.024542093,1.7414577240546165,0.02967072345901364,0.05567099079445015,0.001072276472024964
0.25,C_bias,straight,h1_exc,straight_channels,51,1.7006717,0.0329328,1.3895499,0.026239954,1.6799280303933133,0.031723390962123295,0.055997944301497904,0.001331045262448872
0.25,C_bias,straight,td_h1_exc,C_channels,77,1.6758361,0.03193122,1.3655839,0.025481835,1.6509538605899348,0.03080684660991897,0.04819941478265769,0.0011759096046066388
0.25,C_bias,straight,td_h1_exc,straight_channels,51,1.5580837,0.03484127,1.2726954,0.027775833,1.538654190834155,0.03358022847745136,0.05067221853082021,0.001442787818964868
0.25,baseline,C,h1_exc,C_channels,77,1.9652988,0.030304424,3.1546438,0.04596723,1.9080657970037362,0.027802977699540387,0.12252251216300082,0.001872247881077968
0.25,baseline,C,h1_exc,straight_channels,51,1.4998863,0.027220229,2.4352174,0.04265222,1.4729253376252882,0.0257979154303461,0.08533360850094873,0.002125310092475823
0.25,baseline,C,td_h1_exc,C_channels,77,1.7454474,0.02935268,2.808548,0.045660224,1.6987320409854938,0.027617287956143936,0.10237804904863923,0.002115077961827251
0.25,baseline,C,td_h1_exc,straight_channels,51,1.4027867,0.03150111,2.2717657,0.048800882,1.374062599504205,0.029516895123582118,0.08213428550299105,0.002333921983030514
0.25,baseline,straight,h1_exc,C_channels,77,1.6335531,0.026319642,1.3354402,0.020901069,1.614510992365298,0.02526882550864433,0.0515996682863755,0.0010466447416438538
0.25,baseline,straight,h1_exc,straight_channels,51,1.6469203,0.02988481,1.3475043,0.023922715,1.629095990706508,0.028921912721918127,0.05443951734059749,0.0013176219649828707
0.25,baseline,straight,td_h1_exc,C_channels,77,1.5190853,0.027171614,1.2417446,0.02181623,1.5012355480546884,0.02637522949707399,0.046465801475616665,0.001163786127022944
0.25,baseline,straight,td_h1_exc,straight_channels,51,1.5129611,0.032709494,1.2371835,0.026145596,1.4957212626471932,0.031609315227452923,0.049764630347886515,0.0014393544665877163
0.25,straight_bias,C,h1_exc,C_channels,77,1.9965042,0.031638548,3.2001727,0.04770104,1.9356036413215245,0.02885166059274754,0.12407214631150679,0.0018836151241810783
0.25,straight_bias,C,h1_exc,straight_channels,51,1.5637978,0.029179297,2.5340014,0.04530951,1.532674206864786,0.02740516020718544,0.08831495910740206,0.0021328348578273882
0.25,straight_bias,C,td_h1_exc,C_channels,77,1.7425772,0.029589914,2.8034027,0.04592973,1.6956198653773715,0.02778029668497405,0.10141291686952389,0.00210585967138128
0.25,straight_bias,C,td_h1_exc,straight_channels,51,1.5320839,0.038597915,2.4640155,0.058280163,1.490343723867662,0.03525037456910292,0.0844156688935547,0.0022972170924101237
0.25,straight_bias,straight,h1_exc,C_channels,77,1.6599542,0.027567515,1.3560568,0.021818584,1.6394358394243205,0.02637807464541107,0.052690253248388406,0.001052227070414235
0.25,straight_bias,straight,h1_exc,straight_channels,51,1.7058146,0.03212395,1.394173,0.025556074,1.685517293215249,0.03089660000763112,0.05591601639060769,0.0013108906665046049
0.25,straight_bias,straight,td_h1_exc,C_channels,77,1.5127019,0.027428385,1.2363844,0.02199825,1.4947551931018275,0.026595288359488333,0.046155234925187166,0.0011516499913586861
0.25,straight_bias,straight,td_h1_exc,straight_channels,51,1.6476277,0.039194062,1.3428738,0.03091712,1.6234978668154745,0.03737795699387468,0.05021167993364611,0.001398624211586472
