contour_type,layer,channel,mean_activation_on_contour_pct_full_td,mean_activation_on_contour_pct_no_td,mean_contour_enrichment_full_td,mean_contour_enrichment_no_td,mean_contour_preference_ratio_full_td,mean_contour_preference_ratio_no_td,mean_dice_top_activation_full_td,mean_dice_top_activation_no_td,td_effect_contour_preference_ratio,td_effect_activation_on_contour_pct,td_effect_contour_enrichment,td_effect_dice_top_activation
C,h1_exc,0,7.245043,1.5828714,4.382116847202967,0.9573893824993105,4.6499205,0.95670485,0.22765775580304393,0.028673331693799528,3.6932156,5.6621714,3.4247274647036567,0.19898442410924438
C,h1_exc,1,3.3052564,1.4823536,1.9991627167918333,0.8965918664391017,2.0334585,0.8950365,0.20921344216548532,0.022311237744052366,1.138422,1.8229028,1.1025708503527316,0.18690220442143296
C,h1_exc,2,3.3968158,1.4546425,2.054541793446688,0.8798309766861153,2.091972,0.8780596,0.17212100896658666,0.016404876953120387,1.2139125,1.9421732,1.1747108167605727,0.1557161320134663
C,h1_exc,3,1.6194625,1.4289109,0.9795212390686002,0.864267411386903,0.97935873,0.8623025,0.02644766613590342,0.021386072236636734,0.11705625,0.19055164,0.11525382768169723,0.005061593899266685
C,h1_exc,4,1.0468179,2.1705873,0.6331609784318851,1.3128655194606509,0.6293065,1.3198118,6.704097879823427e-06,0.052747842118450725,-0.6905053,-1.1237694,-0.6797045410287658,-0.0527411380205709
C,h1_exc,5,1.3294165,1.8124566,0.804088922313684,1.0962526208012762,0.80148625,1.0980299,0.0039353054554563515,0.050964552082417694,-0.2965436,-0.4830401,-0.29216369848759216,-0.04702924662696134
C,h1_exc,6,4.0967045,1.8211257,2.477864877908174,1.101496043249073,2.5419314,1.1033802,0.19459859249038497,0.04049945529201333,1.4385512,2.2755787,1.376368834659101,0.15409913719837165
C,h1_exc,7,4.5652165,1.4659011,2.7612413078705784,0.8866407119290013,2.8457649,0.88495475,0.21389424285576644,0.0174171873065058,1.9608102,3.0993154,1.874600595941577,0.19647705554926065
C,h1_exc,8,2.2214112,1.8539937,1.3436060224495565,1.1213759397850993,1.3516152,1.1236719,0.05959919870464463,0.045031275467644925,0.2279433,0.36741757,0.2222300826644572,0.014567923236999708
C,h1_exc,9,1.1679087,1.3870218,0.7064019080132573,0.8389310685330972,0.70295197,0.8366661,0.006134249560038436,0.013709880164238908,-0.13371414,-0.21911311,-0.13252916051983987,-0.007575630604200472
C,h1_exc,10,1.7776777,1.6594969,1.0752167032712454,1.0037359165469177,1.0765908,1.0037991,0.03924578898848634,0.037770759372612754,0.072791696,0.11818075,0.07148078672432767,0.001475029615873584
C,h1_exc,11,1.2858804,1.7634404,0.7777563790035217,1.0666054121150461,0.77499944,1.067802,0.0361149752786088,0.040559792172931736,-0.2928025,-0.47755992,-0.28884903311152443,-0.004444816894322932
C,h1_exc,12,2.7539475,1.9974703,1.6657071584591163,1.2081568102870492,1.6846462,1.212401,0.1382246519098674,0.0453195550470645,0.47224522,0.75647724,0.4575503481720671,0.0929050968628029
C,h1_exc,13,10.650325,1.9291235,6.441779623618533,1.166817777801188,7.106635,1.170105,0.2331081873793404,0.05289533227180684,5.93653,8.721201,5.274961845817345,0.18021285510753354
C,h1_exc,14,2.7192383,1.5735704,1.6447134644226282,0.9517637884049402,1.6631263,0.95099556,0.07582983315404583,0.018027319198845194,0.7121308,1.1456679,0.692949676017688,0.05780251395520064
C,h1_exc,15,1.6196051,2.177122,0.9796075607326528,1.316818186438737,0.97927934,1.3238736,0.007086177529578653,0.05362590535546837,-0.3445943,-0.55751705,-0.3372106257060842,-0.04653972782588972
C,h1_exc,16,3.4098835,1.9010897,2.0624457372577853,1.1498616216952773,2.1004534,1.152769,0.15503792774265482,0.045896091173557994,0.9476844,1.5087938,0.9125841155625081,0.10914183656909682
C,h1_exc,17,1.6135522,1.0163014,0.97594658195422,0.6147032248218592,0.9755835,0.61075056,0.022384982820730422,0.012818235146222393,0.36483294,0.5972508,0.3612433571323608,0.00956674767450803
C,h1_exc,18,2.7754087,2.0228994,1.6786877851802935,1.2235374532601382,1.6983197,1.2281575,0.15320204474972496,0.04372412637220839,0.47016215,0.75250936,0.4551503319201553,0.10947791837751657
C,h1_exc,19,2.3951457,1.3801988,1.4486882364939058,0.8348042152235557,1.4598621,0.83249426,0.13104451757764973,0.01543278219878146,0.62736785,1.0149468,0.61388402127035,0.11561173537886828
C,h1_exc,20,5.2673573,1.6488461,3.1859265326165755,0.9972938141096936,3.3087173,0.99725133,0.19506913600922224,0.02906226430903456,2.311466,3.6185112,2.1886327185068817,0.16600687170018769
C,h1_exc,21,5.7286696,1.7097737,3.464948191811979,1.034145484252828,3.6171677,1.0347412,0.2316533981394187,0.03840107265562859,2.5824265,4.018896,2.4308027075591507,0.19325232548379012
C,h1_exc,22,3.6792703,1.3354802,2.225382685982476,0.8077564682297393,2.2724261,0.8051554,0.2417296572527933,0.011651683915145197,1.4672707,2.34379,1.4176262177527366,0.2300779733376481
C,h1_exc,23,5.4225807,1.5008845,3.2798123278808164,0.907800222585315,3.4113455,0.9063958,0.20476326154344693,0.018845219140183653,2.5049496,3.9216962,2.3720121052955014,0.18591804240326326
C,h1_exc,24,2.501152,1.3828399,1.512805511283297,0.8364017168751455,1.5260255,0.83411026,0.11397636805487808,0.015982517101397926,0.6919153,1.1183121,0.6764037944081515,0.09799385095348015
C,h1_exc,25,5.088203,1.439308,3.077566246890562,0.870556067188168,3.1895862,0.8686664,0.2274432246708896,0.024791673065494967,2.3209198,3.6488948,2.2070101797023938,0.20265155160539464
C,h1_exc,26,4.962446,1.6182371,3.0015032305166023,0.9787801388857303,3.1067648,0.9784319,0.20981071863836084,0.026608564485019182,2.1283329,3.3442092,2.022723091630872,0.18320215415334165
C,h1_exc,27,2.7828405,1.7688913,1.6831830125139284,1.0699023488152393,1.7035649,1.0711651,0.12493756808838938,0.032957345177211966,0.6323998,1.0139492,0.6132806636986892,0.09198022291117741
C,h1_exc,28,3.6953263,1.8977324,2.2350939741325386,1.1478310494753898,2.282652,1.1506912,0.18609841488151446,0.035571588315161266,1.1319607,1.797594,1.0872629246571488,0.1505268265663532
C,h1_exc,29,6.868232,2.0400321,4.154205296418156,1.2339001570469508,4.388046,1.2387727,0.25004273862377435,0.04204139780437271,3.149273,4.8281994,2.920305139371205,0.20800134081940164
C,h1_exc,30,1.2289165,1.4048656,0.7433021553627944,0.8497238087956385,0.74012184,0.84758323,0.01198017403773051,0.012737743839324894,-0.10746139,-0.1759491,-0.10642165343284404,-0.0007575698015943842
C,h1_exc,31,0.82804346,1.5672994,0.5008366710745689,0.9479708092950555,0.49667513,0.94714814,0.0026749350540495476,0.02929011263109498,-0.450473,-0.7392559,-0.44713413822048664,-0.02661517757704543
C,h1_exc,32,1.6278893,1.5277464,0.9846182117517038,0.924047439312761,0.9843788,0.9228707,0.021077683734164854,0.029953909327051068,0.06150812,0.10014284,0.06057077243894282,-0.008876225592886214
C,h1_exc,33,2.0881894,2.0649748,1.2630277456554762,1.248986438242619,1.2686555,1.2542391,0.08656331182428008,0.057333258562426576,0.014416456,0.023214579,0.01404130741285714,0.029230053261853503
C,h1_exc,34,1.0611054,2.1045272,0.6418026667540812,1.2729095717272039,0.63797575,1.2787793,0.01664622447679403,0.049670323009365774,-0.6408035,-1.0434219,-0.6311069049731227,-0.033024098532571745
C,h1_exc,35,1.1096599,1.3495297,0.6711705947180637,0.8162542001076091,0.6675451,0.8137411,0.021312327159958674,0.013267370942418115,-0.14619601,-0.23986983,-0.14508360538954534,0.00804495621754056
C,h1_exc,36,10.24153,1.7861208,6.194523079318863,1.080323505029895,6.8093147,1.0817889,0.21543618536812584,0.03189139361432004,5.7275257,8.45541,5.114199574288968,0.18354479175380578
C,h1_exc,37,2.0814483,1.6415296,1.2589504155431763,0.9928684285875087,1.2646306,0.9927499,0.04418000502803638,0.03187128132068057,0.27188063,0.43991876,0.26608198695566765,0.012308723707355813
C,h1_exc,38,1.2633824,2.1576884,0.7641485834290792,1.305063644600132,0.7611383,1.3117919,0.009211430486877389,0.04663370485205176,-0.5506536,-0.89430594,-0.5409150611710528,-0.03742227436517437
C,h1_exc,39,0.994112,1.4254103,0.6012821672621984,0.862150139683451,0.597287,0.8601619,0.0021386072236636734,0.022646442638043537,-0.2628749,-0.43129826,-0.2608679724212526,-0.020507835414379866
C,h1_exc,40,2.9096801,1.722986,1.7599010929344288,1.0421368226200274,1.7829212,1.0428767,0.08606015731281488,0.03744226363238216,0.7400445,1.1866941,0.7177642703144014,0.048617893680432726
C,h1_exc,41,3.3900821,1.9514747,2.050469072155609,1.180336707919139,2.0880098,1.183928,0.15136512193065332,0.04540685494004407,0.9040818,1.4386075,0.8701323642364702,0.10595826699060926
C,h1_exc,42,1.0648167,1.8044533,0.6440474756157435,1.0914117664854583,0.6402334,1.0930922,0.00419005218665719,0.03264884600712803,-0.4528588,-0.73963654,-0.44736429086971485,-0.02845879382047084
C,h1_exc,43,4.2380104,1.810543,2.5633328371427773,1.0950950914133424,2.6332998,1.0968567,0.20152518226749222,0.038608899689903116,1.5364431,2.4274673,1.4682377457294349,0.1629162825775891
C,h1_exc,44,1.1183362,1.9041557,0.6764183534378919,1.1517161848208735,0.6727771,1.1546617,0.0004893991452271101,0.0424099878025117,-0.48188454,-0.78581953,-0.47529783138298154,-0.04192058865728459
C,h1_exc,45,3.4664075,1.4852198,2.09663385194505,0.8983255648144322,2.1363451,0.896793,0.15912125028659477,0.019864106632665513,1.2395521,1.9811877,1.1983082871306177,0.13925714365392924
C,h1_exc,46,2.354255,1.8263785,1.4239557905419036,1.1046730525374842,1.4343411,1.1066219,0.09903293388075167,0.034727114102815176,0.3277192,0.5278765,0.3192827380044194,0.0643058197779365
C,h1_exc,47,2.3691604,2.054888,1.4329711005416426,1.2428855875799478,1.443525,1.247983,0.07954412134410496,0.03773736696552607,0.19554198,0.3142724,0.19008551296169474,0.04180675437857889
C,h1_exc,48,3.8438544,1.9157811,2.324930213344781,1.1587477289584234,2.3790045,1.161849,0.20600351965121427,0.037153986861785226,1.2171555,1.9280733,1.1661824843863577,0.16884953278942905
C,h1_exc,49,0.8490857,1.7775835,0.5135639265512473,1.075159750584976,0.50941515,1.0765225,0.00599342698986781,0.034593145059888884,-0.5671073,-0.9284978,-0.5615958240337287,-0.028599718070021075
C,h1_exc,50,1.1877987,1.2809432,0.7184323157779109,0.774770102233892,0.7151242,0.7718494,0.010022578580351126,0.014413712694592457,-0.056725204,-0.09314442,-0.05633778645598109,-0.004391134114241331
C,h1_exc,51,3.2381475,1.5894682,1.9585724591279345,0.9613794507249555,1.9916961,0.9607561,0.15514623313487375,0.027540434090314637,1.03094,1.6486793,0.9971930084029791,0.1276057990445591
C,h1_exc,52,1.0920954,2.060878,0.6605467830391138,1.2465086632742182,0.65681463,1.2516965,0.003318512159341278,0.055087382963863084,-0.59488183,-0.96878266,-0.5859618802351043,-0.051768870804521805
C,h1_exc,53,3.99697,2.263664,2.4175411994300076,1.3691624610316901,2.4774778,1.3777155,0.17366965557682587,0.05791610779868825,1.0997623,1.7333059,1.0483787383983174,0.11575354777813762
C,h1_exc,54,3.6437452,2.1072028,2.203895426994011,1.2745277871172243,2.2512217,1.2804422,0.14649794686990153,0.05367300762586636,0.9707794,1.5365424,0.9293676398767867,0.09282493924403518
C,h1_exc,55,2.0951746,1.8957028,1.2672526416862937,1.146603473503599,1.2730097,1.149439,0.03333277465848208,0.0354980898531111,0.12357068,0.19947171,0.12064916818269467,-0.0021653151946290222
C,h1_exc,56,0.96030396,1.4003587,0.5808335687213426,0.8469978583220567,0.5768429,0.8448282,0.013354522529562233,0.02267988785099587,-0.26798528,-0.4400547,-0.26616428960071403,-0.009325365321433637
C,h1_exc,57,4.1593823,1.4931902,2.5157752819630606,0.9031463543184621,2.5819404,0.9016813,0.20923427127066282,0.021982736947941017,1.6802591,2.666192,1.6126289276445984,0.18725153432272182
C,h1_exc,58,3.7459803,1.8180841,2.2657317217506834,1.099656310260348,2.3151274,1.1015054,0.226115045920339,0.03139529037121311,1.213622,1.9278961,1.1660754114903353,0.19471975554912588
C,h1_exc,59,0.7544011,1.8738676,0.45629459292133767,1.1333966511436537,0.45218033,1.1359472,0.00240677113885661,0.05729992457885083,-0.6837669,-1.1194665,-0.6771020582223161,-0.05489315343999422
C,h1_exc,60,2.5683963,1.6536417,1.5534777586653945,1.0001943864166107,1.5681939,1.0002023,0.0885468108058204,0.03386910248886795,0.5679916,0.9147546,0.5532833722487838,0.05467770831695245
C,h1_exc,61,7.465696,1.8801869,4.515577327051381,1.137218805995388,4.802799,1.139852,0.25102153691422857,0.036805497360230616,3.6629472,5.585509,3.378358521055993,0.21421603955399796
C,h1_exc,62,4.311692,1.3984507,2.607898857805001,0.8458438129491639,2.6805935,0.8436585,0.22632364032495908,0.03150894488526977,1.836935,2.9132414,1.762055044855837,0.19481469543968932
C,h1_exc,63,1.6184138,1.8458728,0.9788870791123059,1.1164640640534012,0.9785653,1.1186547,0.018577055224990716,0.040371947664690655,-0.14008945,-0.22745895,-0.13757698494109527,-0.02179489243969994
C,h1_exc,64,4.491396,1.417292,2.7165913708990574,0.8572398531009976,2.7985108,0.85518783,0.2249895248468742,0.015754630017585054,1.9433229,3.0741038,1.8593515177980597,0.20923489482928914
C,h1_exc,65,2.7731423,1.8580937,1.6773171021370485,1.1238558230440587,1.6967894,1.1262015,0.1271560627220827,0.03042319617863871,0.5705879,0.9150486,0.5534612790929898,0.096732866543444
C,h1_exc,66,1.8113396,2.0800714,1.0955769035827925,1.2581176840342587,1.0973592,1.2636026,0.06856951311483402,0.05765524176648147,-0.16624343,-0.26873183,-0.16254078045146625,0.010914271348352544
C,h1_exc,67,2.6672163,1.8045866,1.613248240159311,1.0914924814233193,1.6301991,1.0931756,0.12711597913770034,0.029551663454261665,0.5370234,0.86262965,0.5217557587359916,0.09756431568343868
C,h1_exc,68,2.1078866,1.6926029,1.2749414619892052,1.023759759432856,1.2810711,1.0241696,0.06892483030246466,0.03529707533727034,0.2569015,0.41528368,0.2511817025563492,0.033627754965194316
C,h1_exc,69,3.3705451,1.5836095,2.0386521410675296,0.957835849797629,2.0752425,0.9571583,0.17798039051355233,0.024148160563123983,1.1180842,1.7869357,1.0808162912699006,0.15383222995042833
C,h1_exc,70,2.283776,2.058648,1.3813269629977625,1.2451599052991362,1.3902807,1.2503139,0.12125701835236632,0.045373334450644946,0.13996685,0.22512794,0.13616705769862625,0.07588368390172137
C,h1_exc,71,2.5765536,1.9588394,1.558411637336453,1.1847912489943446,1.5732085,1.1884849,0.13402162071555013,0.03629587300669386,0.38472354,0.61771417,0.3736203883421083,0.09772574770885627
C,h1_exc,72,6.361666,1.4391456,3.8478123152161263,0.8704577475915241,4.0426064,0.8685668,0.2353473560712014,0.012234978630677754,3.1740396,4.9225206,2.9773545676246025,0.22311237744052365
C,h1_exc,73,1.3701046,1.3123965,0.8286987557396632,0.7937945202190899,0.826328,0.79105294,0.02090329685696191,0.015111036621122004,0.035275042,0.057708025,0.03490423552057331,0.005792260235839905
C,h1_exc,74,3.7485328,1.8722192,2.2672754980445062,1.132399542189998,2.3168962,1.1349264,0.17257018352453482,0.041344028936680904,1.1819698,1.8763136,1.1348759558545083,0.13122615458785392
C,h1_exc,75,3.1859636,1.492664,1.9270093363492615,0.9028280601264638,1.9578004,0.90135646,0.15628592977444372,0.02068214195925527,1.0564439,1.6932997,1.0241812762227978,0.13560378781518845
C,h1_exc,76,6.6362996,1.6677006,4.013922296029938,1.0086978576901189,4.235081,1.0088481,0.20808849409183935,0.0343516773186062,3.226233,4.968599,3.0052244383398197,0.17373681677323316
C,h1_exc,77,3.161497,2.0705311,1.912211017072259,1.2523472264403217,1.9420347,1.2576833,0.19593265066848797,0.049590212017053895,0.68435144,1.090966,0.6598637906319373,0.1463424386514341
C,h1_exc,78,5.713745,1.527397,3.4559212357420948,0.9238361084202854,3.6057105,0.9226561,0.23133160144118714,0.017008296321112035,2.6830544,4.186348,2.5320851273218095,0.2143233051200751
C,h1_exc,79,2.6211982,1.8315006,1.5854146055078144,1.107771195607936,1.6012013,1.1097822,0.15748493077172926,0.047042654822720985,0.49141908,0.7896975,0.4776434098998785,0.11044227594900827
C,h1_exc,80,3.9985518,1.5468853,2.4184980922365353,0.9356234311487543,2.4779577,0.9346151,0.21275319461074155,0.023517975362420583,1.5433426,2.4516666,1.482874661087781,0.18923521924832096
C,h1_exc,81,1.5646609,1.8762802,0.9463749112133024,1.1348558131715234,0.94559497,1.1374402,0.051634788846925336,0.046848080937196314,-0.19184524,-0.31161928,-0.18848090195822098,0.0047867079097290224
C,h1_exc,82,2.068775,1.6347576,1.25128506042766,0.9887724728385084,1.2569741,0.988587,0.05173552333859739,0.027144795691906202,0.26838708,0.4340173,0.2625125875891515,0.02459072764669119
C,h1_exc,83,2.921367,1.6050867,1.7669696691523809,0.9708261931137343,1.7901524,0.9703543,0.13327746585088973,0.03003435850160895,0.8197981,1.3162802,0.7961434760386465,0.10324310734928079
C,h1_exc,84,4.513671,2.0600877,2.730064380083663,1.246030655256953,2.8128226,1.2512072,0.16578563647015354,0.04600336067198687,1.5616153,2.4535832,1.48403372482671,0.11978227579816667
C,h1_exc,85,2.2731657,1.504756,1.3749094534382322,0.9101418325552777,1.3837036,0.90876997,0.08699237408858879,0.020903377189289446,0.47493362,0.7684097,0.46476762088295454,0.06608899689929934
C,h1_exc,86,0.74545336,1.760709,0.45088259375239575,1.064953391973126,0.4467771,1.0661184,0.0014480710979286545,0.029290105889920644,-0.61934125,-1.0152557,-0.6140707982207303,-0.02784203479199199
C,h1_exc,87,3.98353,2.1041093,2.4094121617133752,1.272656755675499,2.4683933,1.2785205,0.19030252241666779,0.05133327746580798,1.1898729,1.8794208,1.1367554060378762,0.1389692449508598
C,h1_exc,88,2.0721123,1.4936757,1.2533036837449694,0.9034399835298064,1.258764,0.90197617,0.11531048353296294,0.008976753916976405,0.35678786,0.5784366,0.349863700215163,0.10633372961598654
C,h1_exc,89,3.1201208,1.9462941,1.8871846621494266,1.1772032920805158,1.9170272,1.1807226,0.1021905639821485,0.037992122684959356,0.73630464,1.1738267,0.7099813700689108,0.06419844129718914
C,h1_exc,90,4.210283,1.495365,2.546562132734837,0.9044617488117612,2.615731,0.90301186,0.1770015922230981,0.022291125450412893,1.7127192,2.7149177,1.642100383923076,0.1547104667726852
C,h1_exc,91,2.3731542,1.3759595,1.435386763135936,0.8322400926340365,1.4460405,0.8299008,0.09988435431148923,0.01566742618633981,0.6161397,0.99719465,0.6031466705018995,0.08421692812514942
C,h1_exc,92,4.857603,1.4947646,2.938089369134799,0.9040985662008082,3.0386846,0.9026448,0.22566663873273637,0.02979962069937439,2.1360397,3.3628385,2.0339908029339906,0.19586701803336198
C,h1_exc,93,2.95206,1.5716516,1.7855340933239108,0.9506031903150167,1.8096123,0.94981575,0.14691207799481457,0.025830714983955914,0.8597965,1.3804084,0.834930903008894,0.12108136301085864
C,h1_exc,94,2.882539,1.8049988,1.7434848812886679,1.091741695211128,1.7657083,1.0934315,0.13259274679684446,0.04706930212311728,0.67227685,1.0775403,0.6517431860775398,0.08552344467372719
C,h1_exc,95,1.6602134,1.1893946,1.0041691630464384,0.7193975696437132,1.0042988,0.7160203,0.035082544205115994,0.01183273275788835,0.28827852,0.47081876,0.2847715934027253,0.023249811447227646
C,h1_exc,96,0.8862597,1.3124821,0.5360483925533939,0.7938462266939691,0.5319194,0.7911066,0.003955417749095822,0.01816126633295489,-0.25918716,-0.42622244,-0.2577978341405752,-0.014205848583859069
C,h1_exc,97,3.0125065,1.5802094,1.8220949145458496,0.9557793032073287,1.8489468,0.9550705,0.0957278136259987,0.029028743819635442,0.8938763,1.4322971,0.8663156113385209,0.06669906980636327
C,h1_exc,98,0.67853326,1.4982382,0.41040639864548933,0.9061996378111433,0.4063887,0.9047756,0.0011396966395699826,0.019508924830286174,-0.49838692,-0.81970495,-0.495793239165654,-0.01836922819071619
C,h1_exc,99,7.286072,1.569326,4.406932909515953,0.9491965855769579,4.6811433,0.94839096,0.1900812871866336,0.03658426213019644,3.7327523,5.716746,3.457736323938995,0.15349702505643717
C,h1_exc,100,1.1854495,1.6483673,0.7170113481301632,0.9970041765182309,0.71363664,0.9969556,0.020118997737350104,0.03655074164079732,-0.28331894,-0.4629178,-0.2799928283880677,-0.01643174390344722
C,h1_exc,101,1.8889009,1.4927571,1.142489347808607,0.9028844013796301,1.145421,0.90141886,0.03567250481854046,0.026367216961345537,0.24400216,0.3961438,0.23960494642897678,0.009305287857194922
C,h1_exc,102,2.918055,1.642979,1.76496662584273,0.9937451025245423,1.7880784,0.99364203,0.13208413642828115,0.02400737450764769,0.7944364,1.275076,0.7712215233181876,0.10807676192063347
C,h1_exc,103,0.91239494,1.4445581,0.5518561114546624,0.8737315248208738,0.5477614,0.8718823,0.0068582747163589905,0.018422860973754777,-0.32412094,-0.5321632,-0.3218754133662114,-0.011564586257395787
C,h1_exc,104,1.1926808,1.9560063,0.7213851800357447,1.1830776211990388,0.7180369,1.1867328,0.024885498415234387,0.04577558032343436,-0.46869588,-0.76332545,-0.4616924411632941,-0.02089008190819997
C,h1_exc,105,6.030321,1.9872229,3.64740015283188,1.201958782138625,3.8187695,1.206058,0.2387530377941517,0.05161484957676057,2.6127114,4.0430984,2.4454413706932545,0.18713818821739112
C,h1_exc,106,0.91341734,1.642052,0.5524745457553186,0.9931844702830278,0.54836273,0.9930723,0.0038347400549073023,0.027728054454508953,-0.44470954,-0.7286347,-0.4407099245277092,-0.02389331439960165
C,h1_exc,107,0.74272865,1.6070595,0.44923455657800176,0.9720194019305353,0.44514203,0.97156554,0.0010793372880704428,0.03280985502385585,-0.5264235,-0.8643308,-0.5227848453525334,-0.031730517735785405
C,h1_exc,108,2.33837,1.5107062,1.4143478172815733,0.9137407825990368,1.4242913,0.91241914,0.13437693790318078,0.02013240593310975,0.5118721,0.8276639,0.5006070346825365,0.11424453197007103
C,h1_exc,109,2.2444084,1.4526459,1.3575157275393024,0.8786233645819679,1.366011,0.8768357,0.07132489734344144,0.022338054135571658,0.48917532,0.7917625,0.4788923629573345,0.04898684320786978
C,h1_exc,110,2.3933842,1.5861801,1.4476228027750841,0.9593906607284935,1.4586685,0.9587375,0.0999175371804069,0.029531551160622196,0.49993098,0.8072041,0.4882321420465906,0.0703859860197847
C,h1_exc,111,1.5379272,1.9586377,0.9302051503699125,1.1846691757984644,0.9291687,1.1883616,0.035967393557634585,0.04324143132486111,-0.25919294,-0.42071056,-0.25446402542855195,-0.0072740377672265225
C,h1_exc,112,1.514861,1.5740983,0.9162537784214774,0.9520830718495538,0.91502565,0.95131963,0.042497276460200704,0.02569671392045151,-0.036293983,-0.05923736,-0.03582929342807639,0.016800562539749195
C,h1_exc,113,0.6442715,1.3565577,0.38968340796309325,0.8205051483800367,0.38575786,0.8180403,0.003050364535319659,0.023370485209064467,-0.43228245,-0.71228623,-0.4308217404169435,-0.020320120673744807
C,h1_exc,114,1.5686483,1.7088672,0.9487867465824639,1.0335971441239828,0.94798434,1.0341818,0.012556775328909277,0.03350026138198485,-0.086197495,-0.14021885,-0.08481039754151898,-0.020943486053075572
C,h1_exc,115,2.0541732,1.7196023,1.2424532784189108,1.0400902666159042,1.2478147,1.0407966,0.04261795022203753,0.04291948800608772,0.20701802,0.33457088,0.20236301180300664,-0.0003015377840501904
C,h1_exc,116,1.4376206,1.3553534,0.8695354728582881,0.8197766864040456,0.86764556,0.81730235,0.04567471157004008,0.02058158049105792,0.050343215,0.082267284,0.04975878645424259,0.02509313107898216
C,h1_exc,117,2.1344702,2.3010373,1.2910203990597022,1.3917674255010641,1.2973807,1.4009961,0.09882445800844702,0.05721277130641313,-0.1036154,-0.16656709,-0.10074702644136191,0.0416116867020339
C,h1_exc,118,4.6087384,1.5997119,2.7875652507396382,0.9675753071322158,2.8754265,0.967054,0.20993882510667064,0.03520992206483264,1.9083725,3.0090265,1.8199899436074225,0.174728903041838
C,h1_exc,119,1.9789146,1.3020582,1.19693363265632,0.7875414227137187,1.2012811,0.7847402,0.055402490731857046,0.014407056908462062,0.41654086,0.6768564,0.4093922099426013,0.04099543382339498
C,h1_exc,120,2.9139287,1.9294128,1.7624707501471795,1.1669927861063905,1.7855148,1.170282,0.14964887287341855,0.03769019166573941,0.6152328,0.9845159,0.595477964040789,0.11195868120767913
C,h1_exc,121,3.6598313,1.9867398,2.213625011991276,1.2016666353641443,2.2610028,1.205756,0.16724712980795503,0.05951227687919256,1.0552468,1.6730915,1.0119583766271316,0.10773485292876248
C,h1_exc,122,1.7212491,1.9728798,1.0410862969092742,1.19328346932193,1.0418512,1.1971757,0.04566161065947736,0.045695131148876474,-0.15532458,-0.25163066,-0.15219717241265585,-3.352048939911367e-05
C,h1_exc,123,3.346446,2.0291746,2.0240760142729397,1.2273329155959751,2.0597904,1.2320421,0.17544624151497906,0.04277884857115329,0.8277483,1.3172715,0.7967430986769646,0.13266739294382576
C,h1_exc,124,0.60973215,1.343011,0.3687925313059115,0.8123114170033188,0.36493638,0.80975974,7.37450766780577e-05,0.018664145579801263,-0.44482335,-0.7332789,-0.4435188856974073,-0.018590400503123206
C,h1_exc,125,2.4051778,1.9431697,1.4547560755372404,1.1753135109849984,1.4660056,1.1787885,0.11291041649198615,0.0475320539679481,0.28721702,0.46200812,0.27944256455224203,0.06537836252403804
C,h1_exc,126,1.565146,1.5045241,0.9466683125792922,0.910001603833998,0.94587326,0.9086283,0.03256850750018221,0.028552752870167977,0.037244976,0.060621858,0.03666670874529421,0.004015754630014235
C,h1_exc,127,1.7439749,1.8073702,1.0548318235584524,1.0931760394000678,1.0558654,1.0948933,0.0672954806001008,0.03490153356236076,-0.03902793,-0.06339526,-0.0383442158416154,0.03239394703774003
straight,h1_exc,0,3.3948681,0.82091516,4.104303368464133,0.9924640788643508,4.2218804,0.99240327,0.12346712365822723,0.018544241002959733,3.2294772,2.573953,3.111839289599782,0.1049228826552675
straight,h1_exc,1,1.665849,0.71403265,2.0139661395481685,0.8632461230909277,2.0314803,0.86226344,0.10392712185433035,0.0052529794849581505,1.1692169,0.9518163,1.1507200164572406,0.0986741423693722
straight,h1_exc,2,1.4493349,0.9083115,1.7522064595248663,1.098123905818025,1.7641319,1.0990283,0.0640026760667475,0.015910525841060782,0.66510355,0.5410234,0.6540825537068413,0.04809215022568672
straight,h1_exc,3,0.7355586,0.58922666,0.8892704007887718,0.712359009544687,0.8886948,0.7106592,0.004343826102638816,0.0033192026697904577,0.17803562,0.14633197,0.17691139124408484,0.0010246234328483584
straight,h1_exc,4,0.6181259,0.9813571,0.747297460896014,1.1864341086178891,0.7457685,1.1882904,0.0006494092180024809,0.018154595472158242,-0.44252187,-0.36323118,-0.4391366477218751,-0.01750518625415576
straight,h1_exc,5,0.64088666,1.0739236,0.7748145561719215,1.2983445148615873,0.7733999,1.301584,0.000757644087669561,0.05079101650577181,-0.5281841,-0.43303692,-0.5235299586896658,-0.05003337241810225
straight,h1_exc,6,2.009131,1.2328541,2.428984772231783,1.490487173677212,2.4605558,1.496614,0.11311937618908564,0.04452060972305896,0.9639418,0.7762768,0.9384975985545712,0.06859876646602668
straight,h1_exc,7,2.3046606,0.86417204,2.7862718380864235,1.0447605508468438,2.8289983,1.0451524,0.11723235329745905,0.02102634860502541,1.7838459,1.4404886,1.7415112872395797,0.09620600469243365
straight,h1_exc,8,0.93746024,0.8181991,1.133363999105087,0.9891804509109484,1.1347734,0.9890945,0.014106611346609446,0.011819194405095173,0.14567888,0.119261146,0.1441835481941386,0.0022874169415142732
straight,h1_exc,9,0.74172705,0.79361504,0.8967278274160723,0.9594590165881222,0.8960422,0.95913726,0.009560722091605503,0.01218003066653542,-0.06309503,-0.05188799,-0.0627311891720499,-0.002619308574929917
straight,h1_exc,10,0.98995095,0.8688395,1.196823828413694,1.0504033324021853,1.1988192,1.0508451,0.032484778332588844,0.03341558584723245,0.14797401,0.12111145,0.14642049601150875,-0.0009308075146436043
straight,h1_exc,11,0.65876466,1.1807351,0.7964285978301643,1.4274766870570554,0.79526865,1.432587,0.019345179038496127,0.04040768467570992,-0.6373184,-0.52197045,-0.6310480892268912,-0.02106250563721379
straight,h1_exc,12,1.4876313,1.2531337,1.798505866455711,1.515004460958284,1.8106678,1.5215423,0.09060701722730169,0.05273202850180145,0.28912544,0.23449767,0.283501405497427,0.03787498872550024
straight,h1_exc,13,4.661511,1.1030272,5.635639955018206,1.333530020957382,5.899566,1.3372556,0.11417335618281393,0.028364751510752805,4.5623107,3.5584836,4.302109934060824,0.08580860467206113
straight,h1_exc,14,1.379629,0.9573809,1.667934083196257,1.1574475173905177,1.6784843,1.1589738,0.046945070803601566,0.019287311908382274,0.5195105,0.42224813,0.5104865658057394,0.027657758895219292
straight,h1_exc,15,0.86835366,1.0877163,1.049815968113426,1.3150195268814344,1.0502689,1.318496,0.010368867975966044,0.03063046811578368,-0.2682271,-0.21936268,-0.2652035587680084,-0.020261600139817634
straight,h1_exc,16,1.3626026,1.0377313,1.6473494113256912,1.2545889235037742,1.6572534,1.2572651,0.06910418855663818,0.007446559033095114,0.3999883,0.3248713,0.3927604878219171,0.06165762952354306
straight,h1_exc,17,0.7681331,0.4541827,0.92865205869334,0.5490945559146323,0.9281628,0.5470439,0.0020492468656967177,0.004466492288261507,0.3811189,0.3139504,0.3795575027787077,-0.0024172454225647897
straight,h1_exc,18,1.1209104,0.8434938,1.3551502266619084,1.0197611103377608,1.3594121,1.0199453,0.03622236226634511,0.006703346261381163,0.3394668,0.2774166,0.3353891163241476,0.029519016004963945
straight,h1_exc,19,0.86374456,0.5223525,1.0442437250386367,0.6315100237489593,1.0448016,0.6295793,0.03196536484167767,0.0012483088301603244,0.4152223,0.34139204,0.41273370128967746,0.030717056011517342
straight,h1_exc,20,2.6993048,0.62334687,3.2633862630756925,0.7536094212314515,3.3288848,0.75207114,0.12056604845490877,0.0033985625430530287,2.5768137,2.075958,2.509776841844241,0.11716748591185575
straight,h1_exc,21,2.7144158,0.86397934,3.28165520493902,1.0445275853510254,3.3527787,1.0449182,0.10782357716234524,0.01663930729681912,2.3078604,1.8504364,2.2371276195879948,0.09118426986552612
straight,h1_exc,22,1.6049708,0.5853951,1.9403661586548409,0.7077267453361901,1.9564127,0.7060063,0.11254261747982994,0.0019193650220962213,1.2504064,1.0195757,1.2326394133186507,0.11062325245773372
straight,h1_exc,23,2.1976593,0.65875053,2.6569103639456757,0.7964115324871556,2.6968787,0.79506284,0.09936682601235738,0.0025110183904244413,1.9018159,1.5389087,1.86049883145852,0.09685580762193294
straight,h1_exc,24,1.4349012,1.0144112,1.7347567146566893,1.2263955961761985,1.7455564,1.2287253,0.0850431019727628,0.026798953729569044,0.51683104,0.42049003,0.5083611184804908,0.05824414824319375
straight,h1_exc,25,2.6046247,0.6579921,3.148920474124178,0.7954946129476211,3.20922,0.79414123,0.12915988148816762,0.0002020384233785496,2.4150786,1.9466326,2.353425861176557,0.12895784306478908
straight,h1_exc,26,1.9572937,0.62050647,2.3663148603381767,0.7501754810565783,2.3970406,0.7486166,0.0798690320332064,0.005808604672133301,1.648424,1.3367872,1.6161393792815986,0.0740604273610731
straight,h1_exc,27,1.1850631,0.7541551,1.432709078891672,0.911753042608536,1.4391518,0.9110908,0.0485756871631783,0.003817074610342566,0.528061,0.43090802,0.5209560362831361,0.04475861255283573
straight,h1_exc,28,2.0262995,0.7339268,2.4497410660241603,0.8872975600880066,2.4805524,0.88646734,0.12119419139521855,0.009770000901948435,1.5940851,1.2923727,1.5624435059361537,0.11142419049327011
straight,h1_exc,29,2.8513567,0.98340905,3.447212852408031,1.1889147733421783,3.5233076,1.1907971,0.11999639217090285,0.019388472986362957,2.3325105,1.8679477,2.258298079065853,0.1006079191845399
straight,h1_exc,30,0.67240095,0.786347,0.8129144873403991,0.9506721044765998,0.81167203,0.95028514,0.00406236793581967,0.005390096509420591,-0.1386131,-0.11394602,-0.13775761713620072,-0.0013277285736009213
straight,h1_exc,31,0.48354772,0.70903677,0.5845960583770683,0.8572062224574107,0.5826091,0.8561894,0.000757644087669561,0.011429602236843663,-0.2735803,-0.22548905,-0.27261016408034244,-0.010671958149174102
straight,h1_exc,32,0.7891436,0.8456928,0.9540531523207223,1.0224196864152344,0.95370597,1.0226159,0.008355731938298588,0.021646901698744715,-0.06890994,-0.05654919,-0.0683665340945121,-0.013291169760446126
straight,h1_exc,33,1.1052574,1.0368443,1.3362261116770742,1.2535165552777334,1.3399994,1.2561812,0.06296360049353378,0.03651122936769504,0.0838182,0.06841314,0.08270955639934074,0.026452371125838738
straight,h1_exc,34,0.6598675,0.799942,0.7977619097214201,0.967108141163592,0.7964599,0.9668473,0.0066167583656475,0.007828960272355393,-0.17038739,-0.14007449,-0.16934623144217187,-0.0012122019067078932
straight,h1_exc,35,0.3324649,0.7047797,0.40194103272965104,0.8520595104337787,0.39997265,0.85101235,0.0012771714620715456,0.002143050419408187,-0.4510397,-0.37231478,-0.45011847770412766,-0.0008658789573366414
straight,h1_exc,36,3.1753995,0.314611,3.838971867904024,0.38035613806043017,3.9697776,0.3784057,0.07932172815001413,0.0007215657977805343,3.591372,2.8607886,3.458615729843594,0.0786001623522336
straight,h1_exc,37,0.8597415,0.6935406,1.0394041459529237,0.8384716868451001,1.0399239,0.8373452,0.007778447412696733,0.004625236763773225,0.20257872,0.16620094,0.20093245910782365,0.003153210648923508
straight,h1_exc,38,0.5271134,0.9930217,0.6372657369158892,1.2005362416657421,0.63536024,1.2025512,6.49409218002481e-05,0.025233060937015807,-0.567191,-0.46590835,-0.563270504749853,-0.02516812001521556
straight,h1_exc,39,0.5587744,0.99092776,0.6755431067213523,1.1980047195962886,0.6737331,1.2000009,0.003117164246411908,0.027354559393860053,-0.52626777,-0.43215334,-0.5224616128749363,-0.024237395147448146
straight,h1_exc,40,1.583227,0.7448594,1.9140786010937396,0.9005147251759641,1.929293,0.8997699,0.06848363676444448,0.0033769279336129006,1.0295231,0.83836764,1.0135638759177756,0.06510670883083158
straight,h1_exc,41,2.241796,0.728211,2.7102704416100414,0.8803873284022533,2.751073,0.87951165,0.12009694023032157,0.007460990349050725,1.8715613,1.5135851,1.8298831132077882,0.11263594988127085
straight,h1_exc,42,0.52100146,0.8940168,0.6298766091320296,1.0808420126717342,0.62796044,1.0815718,0.0013204654099383778,0.01925859114276246,-0.45361137,-0.37301534,-0.4509654035397046,-0.017938125732824082
straight,h1_exc,43,1.7537035,0.49789566,2.120179756410843,0.6019423072219245,2.1419036,0.5999536,0.09738973572643872,0.00042572251916490596,1.54195,1.2558079,1.5182374491889186,0.09696401320727381
straight,h1_exc,44,0.557986,0.9254792,0.6745899566558574,1.1188792167065988,0.67278594,1.1199914,6.49409218002481e-05,0.018118452756751557,-0.44720548,-0.36749315,-0.44428926005074143,-0.01805351183495131
straight,h1_exc,45,1.5842421,0.7351797,1.9153056339891765,0.8888123070858168,1.9310242,0.8879895,0.08800919814170648,0.010614130064828526,1.0430347,0.8490624,1.0264933269033598,0.07739506807687795
straight,h1_exc,46,0.96886665,0.7744227,1.1713334807796796,0.9362559812235328,1.1731104,0.93576103,0.028285379272996944,0.014784828532447558,0.23734933,0.19444394,0.23507749955614676,0.013500550740549386
straight,h1_exc,47,1.4317765,0.8620518,1.730978939742946,1.0421972069064644,1.741826,1.0425675,0.07190403174883024,0.008889656138227538,0.69925857,0.56972474,0.6887817328364816,0.0630143756106027
straight,h1_exc,48,1.330959,0.8002731,1.609093371397479,0.9675085144892563,1.6191912,0.9672495,0.061354739785278826,0.010267844208937138,0.65194166,0.53068584,0.6415848569082228,0.05108689557634169
straight,h1_exc,49,0.41377068,0.85905147,0.5002375237564443,1.0385698249218356,0.49816975,1.0389066,0.0003391359249568511,0.012223324614402252,-0.5407368,-0.4452808,-0.5383323011653913,-0.0118841886894454
straight,h1_exc,50,0.80822694,0.63501984,0.9771243603966531,0.7677217320896524,0.9771276,0.76624036,0.012533566670833258,0.004329394786683206,0.21088725,0.1732071,0.20940262830700063,0.008204171884150051
straight,h1_exc,51,0.9815056,0.7579315,1.186613602417372,0.9163185327715739,1.1895564,0.9156811,0.042196595182937564,0.008947385306626808,0.27387524,0.2235741,0.27029506964579797,0.033249209876310755
straight,h1_exc,52,0.6681404,0.9435671,0.807763615990703,1.1407469988728607,0.806504,1.1420901,0.0037881495070800335,0.020932551558941984,-0.33558607,-0.2754267,-0.3329833828821577,-0.01714440205186195
straight,h1_exc,53,2.3650134,1.2727774,2.859236840063653,1.5387533711179637,2.9069202,1.5457023,0.11622981870648846,0.04110038784157923,1.3612179,1.0922359,1.3204834689456892,0.07512943086490922
straight,h1_exc,54,1.5529747,1.4591336,1.8775043066901336,1.7640529609358442,1.8926477,1.7753719,0.06507801930182638,0.0505096058446374,0.117275834,0.093841076,0.11345134575428939,0.014568413457188983
straight,h1_exc,55,0.93447614,0.8578652,1.1297563040206777,1.0371357798028462,1.1310426,1.0374583,0.00875259312707788,0.0019482224479050055,0.0935843,0.07661092,0.09262052421783151,0.006804370679172875
straight,h1_exc,56,0.4600999,0.8281668,0.5562483041794035,1.0012311974262675,0.5542858,1.0012517,0.0022584983440018538,0.016646522954796926,-0.44696587,-0.36806688,-0.444982893246864,-0.014388024610795072
straight,h1_exc,57,1.8818676,0.5700161,2.275126833382026,0.6891339928768657,2.2997828,0.68735427,0.11789622246498055,0.00210697212951916,1.6124284,1.3118515,1.5859928405051602,0.11578925033546139
straight,h1_exc,58,1.6762279,0.6480688,2.0265139125572578,0.7834975571922417,2.0442657,0.78208727,0.1078957337421233,0.002330657526831126,1.2621784,1.0281591,1.243016355365016,0.10556507621529218
straight,h1_exc,59,0.43871412,1.1736603,0.5303934202959224,1.4189234005145799,0.52841574,1.4239007,6.49409218002481e-05,0.045494723550062684,-0.895485,-0.73494613,-0.8885299802186575,-0.04542978262826244
straight,h1_exc,60,0.99442863,0.8264806,1.2022371840798742,0.9991926318794109,1.2043003,0.99919784,0.021827299655817894,0.014691079642811678,0.20510244,0.16794801,0.20304455220046336,0.007136220013006216
straight,h1_exc,61,3.6930444,1.1291378,4.46479029062048,1.3650968903182203,4.608459,1.3692721,0.13235681428688342,0.03234057905652355,3.2391868,2.5639067,3.09969340030226,0.10001623523035988
straight,h1_exc,62,2.2623181,0.85106796,2.735081153059275,1.0289180179943602,2.7758124,1.0291711,0.1301776855775862,0.018306124289692156,1.7466413,1.4112501,1.706163135064915,0.11187156128789404
straight,h1_exc,63,1.0332634,0.7878943,1.249187368448062,0.9525428211839863,1.2518673,0.95216674,0.013514927392429408,0.006840443762959465,0.29970056,0.24536914,0.29664454726407585,0.006674483629469943
straight,h1_exc,64,1.7779896,0.91229904,2.1495412548198907,1.1029447232590048,2.1721418,1.1038953,0.09221610895635228,0.019806981149075666,1.0682465,0.8656906,1.0465965315608858,0.07240912780727661
straight,h1_exc,65,1.1481093,0.68597704,1.3880330168580037,0.8293275915269308,1.3927248,0.8281508,0.02615662285859259,0.001443125738695827,0.56457394,0.46213228,0.5587054253310729,0.024713497119896764
straight,h1_exc,66,1.0629616,0.9557467,1.2850916741127196,1.155471753920086,1.288231,1.1569746,0.05354739785329345,0.02972851086855801,0.13125646,0.10721487,0.12961992019263358,0.023818886984735443
straight,h1_exc,67,0.9957003,0.61305964,1.203774644514541,0.7411724396401864,1.2061015,0.7395786,0.04043654730762114,0.0006133270235366264,0.46652293,0.38264066,0.46260220487435455,0.03982322028408451
straight,h1_exc,68,1.2236868,0.96972924,1.4794041118092847,1.172376321537807,1.4858735,1.1740677,0.05305673311080269,0.025709306077281443,0.31180573,0.25395757,0.30702779027147775,0.027347427033521245
straight,h1_exc,69,1.3525035,0.6920341,1.6351399186401394,0.836650510218837,1.6443982,0.8355137,0.05810047803728862,0.006667267971492137,0.8088845,0.6604694,0.7984894084213024,0.051433210065796486
straight,h1_exc,70,1.0496495,0.9126814,1.2689977628920015,1.1034070339363407,1.271969,1.1043634,0.05100730338075787,0.02252720676593453,0.16760552,0.13696808,0.16559072895566085,0.028480096614823338
straight,h1_exc,71,1.0591351,0.76882577,1.280465494684071,0.9294894667917977,1.2835552,0.92895055,0.037506990168632175,0.0027419500315660305,0.3546046,0.2903093,0.35097602789227333,0.03476504013706615
straight,h1_exc,72,3.1909492,0.8445051,3.857770819745633,1.0209836956655496,3.9572918,1.021163,0.1296509425452064,0.010325533030042522,2.9361289,2.3464441,2.8367871240800833,0.11932540951516388
straight,h1_exc,73,0.5169028,0.67235637,0.6249214595830221,0.8128605890465185,0.62297994,0.8115976,0.0003968611887792939,0.003990258861726354,-0.18861765,-0.15545356,-0.18793912946349633,-0.0035933976729470604
straight,h1_exc,74,1.5102723,0.7433445,1.82587810015851,0.8986833332679472,1.8389311,0.89792615,0.0702299990979794,0.009625687742392327,0.94100493,0.7669278,0.9271947668905628,0.060604311355587075
straight,h1_exc,75,1.2611824,0.7376482,1.5247352576095685,0.8917965673295859,1.5320431,0.8909935,0.06205451674283454,0.003174889510234351,0.6410496,0.52353424,0.6329386902799826,0.05887962723260019
straight,h1_exc,76,2.4540277,0.61781466,2.9668527551172033,0.7469210923295045,3.0298045,0.74535197,0.09562911517985422,7.215657977805343e-05,2.2844524,1.836213,2.219931662787699,0.09555695860007617
straight,h1_exc,77,1.4263387,0.9512298,1.724404748743619,1.1500109306297746,1.7350588,1.1514548,0.0894164336609638,0.01972760891131981,0.583604,0.47510886,0.5743938181138444,0.069688824749644
straight,h1_exc,78,2.2733564,0.67501855,2.7484261907613523,0.8160790628721668,2.7910898,0.8148314,0.11002435284557587,0.0070208352124045996,1.9762584,1.5983379,1.9323471278891855,0.10300351763317127
straight,h1_exc,79,1.3102151,0.88973296,1.584014540508785,1.075663000296146,1.5918891,1.0763429,0.08243861061613163,0.02386209112733523,0.5155462,0.42048216,0.5083515402126391,0.0585765194887964
straight,h1_exc,80,1.9416112,0.49252266,2.347355205165977,0.5954464977566628,2.375597,0.59344786,0.11556597817253036,0.0024533080941465052,1.7821491,1.4490886,1.751908707409314,0.11311267007838385
straight,h1_exc,81,0.8642121,0.8956688,1.0448089754330354,1.0828392501402093,1.04527,1.0835949,0.033985749075463166,0.018024713628557745,-0.038324952,-0.03145671,-0.038030274707173906,0.01596103544690542
straight,h1_exc,82,0.9464257,0.7664892,1.144202975116867,0.9266646387332322,1.1463313,0.92610013,0.02182013150352483,0.01218003066653542,0.22023118,0.17993647,0.21753833638363473,0.009640100836989409
straight,h1_exc,83,1.4739453,0.8128418,1.78195975607244,0.9827036365661034,1.7939427,0.9825718,0.07751059799758499,0.0066167583656475,0.8113709,0.6611035,0.7992561195063367,0.07089383963193749
straight,h1_exc,84,3.0271816,1.0648261,3.659780592376147,1.287345884718584,3.7466223,1.2904433,0.12920315851620154,0.024987733121110058,2.4561791,1.9623555,2.372434707657563,0.10421542539509149
straight,h1_exc,85,1.3103294,0.5945988,1.5841526716408958,0.7188538505182248,1.592151,0.7171734,0.06062585941357419,0.00042572251916490596,0.87497765,0.7157306,0.865298821122671,0.060200136894409284
straight,h1_exc,86,0.40106526,0.65870076,0.4848769913639317,0.7963513822333078,0.4828531,0.7950019,0.000230901055289771,0.00034635158293465644,-0.3121488,-0.2576355,-0.3114743908693761,-0.00011545052764488545
straight,h1_exc,87,1.6694541,1.092987,2.0183245598393373,1.3213914357016103,2.0370977,1.324947,0.08649409217995264,0.03303316313279961,0.7121507,0.57646716,0.696933124137727,0.053460929047153036
straight,h1_exc,88,1.074872,0.83212626,1.2994910649418079,1.0060180052426952,1.302941,1.0060693,0.051923874808287244,0.00590236332321125,0.29687166,0.24274576,0.29347305969911264,0.046021511485075994
straight,h1_exc,89,1.7158067,1.0843644,2.0743637334995753,1.3109671845639854,2.0953245,1.3143814,0.065907819969274,0.026734012807768798,0.78094316,0.6314423,0.7633965489355898,0.0391738071615052
straight,h1_exc,90,1.8828753,0.6376021,2.2763451094981266,0.7708436449845023,2.302416,0.76937425,0.09834220257950901,0.0021141877874969657,1.5330418,1.2452732,1.5055014645136242,0.09622801479201205
straight,h1_exc,91,1.1957723,0.65517527,1.4456562596171174,0.7920890588039866,1.4514734,0.7907216,0.0578046360601986,0.006609542707669694,0.66075176,0.540597,0.6535672008131308,0.051195093352528906
straight,h1_exc,92,1.9833918,0.84295905,2.3978666834883056,1.019114578698957,2.4293456,1.0192814,0.10658248399016271,0.02860986587645863,1.4100642,1.1404327,1.3787521047893485,0.07797261811370408
straight,h1_exc,93,1.3292428,0.60346365,1.6070185306472167,0.7295711165209612,1.615398,0.7279308,0.05742942184535273,0.00036078289889026715,0.88746727,0.7257792,0.8774474141262555,0.05706863894646246
straight,h1_exc,94,1.8140106,1.0139022,2.193089479417002,1.225780148509864,2.2154675,1.2281016,0.1108830161449347,0.02963470731484654,0.98736584,0.80010843,0.9673093309071381,0.08124830883008816
straight,h1_exc,95,0.64038414,0.6953049,0.7742070120898333,0.8406046572757033,0.7728296,0.83949286,0.00829073505089714,0.0041706503111714885,-0.066663265,-0.054920733,-0.06639764518586999,0.004120084739725651
straight,h1_exc,96,0.4383543,0.83172107,0.5299584205087153,1.0055281069633097,0.52790827,1.0055846,0.0013421084792949658,0.014683804114655847,-0.47767633,-0.39336675,-0.4755696864545944,-0.01334169563536088
straight,h1_exc,97,1.1530594,1.0889299,1.3940174281040938,1.3164866361925787,1.3997056,1.3199772,0.040912780734156294,0.042702263912652014,0.079728484,0.06412947,0.07753079191151513,-0.0017894831784957196
straight,h1_exc,98,0.32941344,0.76292753,0.3982519238097073,0.9223587043521804,0.39628407,0.92177343,0.0,0.009423608320957087,-0.52548933,-0.4335141,-0.5241067805424731,-0.009423608320957087
straight,h1_exc,99,4.028107,1.0724998,4.869872227041774,1.2966229977631556,5.048432,1.2998503,0.1130332822223207,0.033213673671837994,3.7485814,2.9556074,3.573249229278618,0.0798196085504827
straight,h1_exc,100,0.6107331,0.857874,0.7383597090809211,1.0371463496217488,0.73677415,1.0374751,0.0035068097772133966,0.019128709299161963,-0.30070096,-0.24714088,-0.2987866405408277,-0.015621899521948566
straight,h1_exc,101,0.98242515,0.93153083,1.1877252867955348,1.126195433781666,1.1899638,1.1274059,0.017663806433971793,0.020651213132478894,0.062557936,0.05089432,0.06152985301386882,-0.002987406698507101
straight,h1_exc,102,1.245653,0.64663345,1.5059607255949965,0.7817623053823098,1.5126399,0.780343,0.03827184991427954,0.003542888067102423,0.7322969,0.5990196,0.7241984202126867,0.034728961847177116
straight,h1_exc,103,0.5337384,0.646303,0.6452752240026827,0.7813628371352208,0.6434103,0.7799449,0.005786957698199885,0.004574705031993229,-0.13653457,-0.11256462,-0.13608761313253814,0.0012122526662066554
straight,h1_exc,104,0.54226077,0.78460044,0.6555785275302547,0.9485605907495447,0.6537827,0.9481621,0.002713082193552372,0.003679980362578288,-0.29437935,-0.24233967,-0.29298206321929,-0.000966898169025916
straight,h1_exc,105,2.6498296,0.82083267,3.203572104680249,0.9923643674530342,3.2663617,0.99230546,0.12601425092439253,0.0022224109434335624,2.2740562,1.8289969,2.211207737227215,0.12379183998095897
straight,h1_exc,106,0.4909864,1.0252074,0.5935892404900632,1.2394478150174415,0.59159434,1.2419353,0.0013132438950953307,0.0271453053125037,-0.6503409,-0.534221,-0.6458585745273783,-0.02583206141740837
straight,h1_exc,107,0.3708764,0.8058824,0.4483794629003105,0.9742898993043344,0.44643077,0.97408557,2.886002886000283e-05,0.01549201767834807,-0.52765477,-0.435006,-0.5259104364040239,-0.015463157649488067
straight,h1_exc,108,1.1339941,0.8980625,1.3709680658578502,1.0857331552944935,1.3752754,1.0865126,0.06790655722912609,0.019395688644340763,0.2887628,0.23593158,0.2852349105633567,0.04851086858478532
straight,h1_exc,109,0.9076882,0.7082325,1.097370427904134,0.8562338365897761,1.0985093,0.85521746,0.02824208532513011,0.004892216108952022,0.24329185,0.19945568,0.24113659131435794,0.023349869216178088
straight,h1_exc,110,1.3487887,0.9917858,1.6306488928080345,1.1990421385302121,1.6394707,1.2010401,0.062321637954304746,0.02767204834488349,0.43843055,0.3570029,0.43160675427782236,0.03464958960942126
straight,h1_exc,111,0.7758328,0.7287875,0.9379606736606789,0.8810842158458648,0.93758255,0.8802195,0.025363037791985777,0.006486876522047004,0.057363033,0.04704529,0.056876457814814096,0.018876161269938775
straight,h1_exc,112,1.0023323,1.013298,1.2117925338435218,1.2250498077479586,1.2140021,1.2273619,0.039851933891313474,0.028285281007813447,-0.013359785,-0.010965705,-0.013257273904436762,0.011566652883500027
straight,h1_exc,113,0.23044258,0.52831334,0.27859881536014014,0.6387164813110752,0.276942,0.63680196,0.0003679985568680725,0.006883712981839722,-0.35985994,-0.29787076,-0.36011766595093503,-0.006515714424971649
straight,h1_exc,114,0.8700984,0.7900623,1.0519253892065776,0.9551639143258147,1.0524004,0.9548086,0.006378641652379923,0.008564986019654943,0.09759176,0.080036104,0.09676147488076292,-0.00218634436727502
straight,h1_exc,115,0.80161345,0.97167856,0.9691289394991819,1.174732964555545,0.96895635,1.1764733,0.0067682871831814114,0.025803012667335024,-0.20751691,-0.1700651,-0.20560402505636322,-0.019034725484153612
straight,h1_exc,116,0.6928101,0.6289151,0.8375886587510679,0.7603412256115845,0.8364769,0.7588265,0.01710102480823406,0.004084062415437824,0.07765043,0.06389505,0.07724743313948346,0.013016962392796235
straight,h1_exc,117,0.9807402,1.1400188,1.1856882172225014,1.378251694339377,1.187538,1.3826158,0.04594914796272607,0.03599170199329305,-0.19507778,-0.15927863,-0.1925634771168756,0.009957445969433015
straight,h1_exc,118,2.3964524,1.1006819,2.897245989545101,1.33069454237227,2.9471781,1.3343954,0.10297465500126006,0.03359610354466167,1.6127827,1.2957705,1.5665514471728308,0.06937855145659838
straight,h1_exc,119,0.8593466,0.7765281,1.0389266925039475,0.9388014080670214,1.0402833,0.9383324,0.01956866204857585,0.009784398378238204,0.10195094,0.08281851,0.10012528443692614,0.009784263670337644
straight,h1_exc,120,1.258219,0.72258484,1.521152567482612,0.8735854553753509,1.5282493,0.87267137,0.0629133219084848,0.0029728393731253177,0.6555779,0.53563416,0.6475671121072611,0.059940482535359475
straight,h1_exc,121,1.6377069,1.0220522,1.9799431059977213,1.2356333065961729,1.9989803,1.2380702,0.08123387751413254,0.03818526201854588,0.76091003,0.6156547,0.7443097994015484,0.04304861549558666
straight,h1_exc,122,0.7710426,1.2080289,0.9321695283969776,1.4604740532829785,0.9316777,1.4661092,0.010101848283493363,0.03625868133847185,-0.53443146,-0.43698633,-0.5283045248860009,-0.026156833054978484
straight,h1_exc,123,1.5415459,0.98930097,1.8636869909167297,1.1960379809698667,1.8774235,1.1979977,0.09017407774863337,0.02610625056369973,0.67942584,0.5522449,0.667649009946863,0.06406782718493365
straight,h1_exc,124,0.31577876,0.5400435,0.3817679467823855,0.6528979096188168,0.37984356,0.6510193,7.215657977805343e-06,0.005260214665820095,-0.2711757,-0.22426471,-0.27112996283643126,-0.00525299900784229
straight,h1_exc,125,1.220502,0.8956955,1.475553740370076,1.0828715072559276,1.4815212,1.0836219,0.07248850004503248,0.011660459040262718,0.3978994,0.3248065,0.3926822331141484,0.06082804100476975
straight,h1_exc,126,0.6506264,0.64598686,0.7865896630248411,0.7809806086172989,0.7852063,0.77955955,0.0035068097772133966,0.006883737710826298,0.005646765,0.004639566,0.005609054407542224,-0.0033769279336129015
straight,h1_exc,127,0.6609913,0.6228602,0.7991204672518522,0.7530210682740573,0.7978344,0.75147593,0.006609542707669694,0.0023739365071534513,0.046358466,0.038131118,0.0460993989777948,0.004235606200516243
