condition,use_bias,bias_strength,bias_mode,filename,path,contour_type,true_contour_quadrant,predicted_quadrant,matches_true_quadrant,contrast,position,jitter,stimulus_id,analysis_layer,score_channel_mode,use_abs_activation,classification_quadrants,mean_activation_TL,mean_activation_TR,mean_activation_BL,mean_activation_BR,highest_compared_quadrant_activation,true_quadrant_activation,activation_difference_BL_minus_TR
baseline,False,0.0,none,C_BL_0_J000_000.png,/home/yentl/pytorch_gammanet/Images_jitter_final_2/C_BL_0_J000_000.png,C,BL,BL,1,NA,0,0,0,h1_exc,all_channels,True,BL+TR,2.1929819583892822,2.0499563217163086,2.4395592212677,2.11655592918396,2.4395592212677,2.4395592212677,0.3896028995513916
baseline,False,0.0,none,C_BL_0_J000_001.png,/home/yentl/pytorch_gammanet/Images_jitter_final_2/C_BL_0_J000_001.png,C,BL,BL,1,NA,0,0,1,h1_exc,all_channels,True,BL+TR,2.1268632411956787,2.1125102043151855,2.463916063308716,2.0741865634918213,2.463916063308716,2.463916063308716,0.3514058589935303
baseline,False,0.0,none,C_BL_0_J000_002.png,/home/yentl/pytorch_gammanet/Images_jitter_final_2/C_BL_0_J000_002.png,C,BL,BL,1,NA,0,0,2,h1_exc,all_channels,True,BL+TR,2.123084783554077,2.0548548698425293,2.54520320892334,2.0713391304016113,2.54520320892334,2.54520320892334,0.49034833908081055
baseline,False,0.0,none,C_BL_0_J000_003.png,/home/yentl/pytorch_gammanet/Images_jitter_final_2/C_BL_0_J000_003.png,C,BL,BL,1,NA,0,0,3,h1_exc,all_channels,True,BL+TR,2.142716884613037,2.106174945831299,2.483400344848633,2.077166795730591,2.483400344848633,2.483400344848633,0.377225399017334
baseline,False,0.0,none,C_BL_0_J000_004.png,/home/yentl/pytorch_gammanet/Images_jitter_final_2/C_BL_0_J000_004.png,C,BL,BL,1,NA,0,0,4,h1_exc,all_channels,True,BL+TR,2.162014961242676,2.06600022315979,2.439197540283203,2.1195449829101562,2.439197540283203,2.439197540283203,0.3731973171234131
baseline,False,0.0,none,C_BL_0_J000_005.png,/home/yentl/pytorch_gammanet/Images_jitter_final_2/C_BL_0_J000_005.png,C,BL,BL,1,NA,0,0,5,h1_exc,all_channels,True,BL+TR,2.0965895652770996,2.1197350025177,2.456799030303955,2.124765396118164,2.456799030303955,2.456799030303955,0.3370640277862549
baseline,False,0.0,none,C_TR_1_J000_000.png,/home/yentl/pytorch_gammanet/Images_jitter_final_2/C_TR_1_J000_000.png,C,TR,BL,0,NA,1,0,0,h1_exc,all_channels,True,BL+TR,2.2931008338928223,2.0814945697784424,2.1774661540985107,2.24234938621521,2.1774661540985107,2.0814945697784424,0.09597158432006836
baseline,False,0.0,none,C_TR_1_J000_001.png,/home/yentl/pytorch_gammanet/Images_jitter_final_2/C_TR_1_J000_001.png,C,TR,BL,0,NA,1,0,1,h1_exc,all_channels,True,BL+TR,2.195852279663086,2.18656063079834,2.2340266704559326,2.2022721767425537,2.2340266704559326,2.18656063079834,0.04746603965759277
baseline,False,0.0,none,C_TR_1_J000_002.png,/home/yentl/pytorch_gammanet/Images_jitter_final_2/C_TR_1_J000_002.png,C,TR,BL,0,NA,1,0,2,h1_exc,all_channels,True,BL+TR,2.2402851581573486,2.1689958572387695,2.289151668548584,2.0931026935577393,2.289151668548584,2.1689958572387695,0.12015581130981445
baseline,False,0.0,none,C_TR_1_J000_003.png,/home/yentl/pytorch_gammanet/Images_jitter_final_2/C_TR_1_J000_003.png,C,TR,BL,0,NA,1,0,3,h1_exc,all_channels,True,BL+TR,2.2418267726898193,2.1040351390838623,2.229902982711792,2.1906137466430664,2.229902982711792,2.1040351390838623,0.1258678436279297
baseline,False,0.0,none,C_TR_1_J000_004.png,/home/yentl/pytorch_gammanet/Images_jitter_final_2/C_TR_1_J000_004.png,C,TR,BL,0,NA,1,0,4,h1_exc,all_channels,True,BL+TR,2.28499698638916,2.1743223667144775,2.231839418411255,2.0960702896118164,2.231839418411255,2.1743223667144775,0.057517051696777344
baseline,False,0.0,none,C_TR_1_J000_005.png,/home/yentl/pytorch_gammanet/Images_jitter_final_2/C_TR_1_J000_005.png,C,TR,BL,0,NA,1,0,5,h1_exc,all_channels,True,BL+TR,2.308739185333252,2.0994977951049805,2.2197835445404053,2.14786696434021,2.2197835445404053,2.0994977951049805,0.1202857494354248
baseline,False,0.0,none,C_BL_0_J010_000.png,/home/yentl/pytorch_gammanet/Images_jitter_final_2/C_BL_0_J010_000.png,C,BL,BL,1,NA,0,10,0,h1_exc,all_channels,True,BL+TR,2.1988258361816406,2.054600238800049,2.426374912261963,2.12029767036438,2.426374912261963,2.426374912261963,0.37177467346191406
baseline,False,0.0,none,C_BL_0_J010_001.png,/home/yentl/pytorch_gammanet/Images_jitter_final_2/C_BL_0_J010_001.png,C,BL,BL,1,NA,0,10,1,h1_exc,all_channels,True,BL+TR,2.1276144981384277,2.112980842590332,2.4616661071777344,2.074711799621582,2.4616661071777344,2.4616661071777344,0.34868526458740234
baseline,False,0.0,none,C_BL_0_J010_002.png,/home/yentl/pytorch_gammanet/Images_jitter_final_2/C_BL_0_J010_002.png,C,BL,BL,1,NA,0,10,2,h1_exc,all_channels,True,BL+TR,2.129884719848633,2.060051679611206,2.52899169921875,2.075706720352173,2.52899169921875,2.52899169921875,0.46894001960754395
baseline,False,0.0,none,C_BL_0_J010_003.png,/home/yentl/pytorch_gammanet/Images_jitter_final_2/C_BL_0_J010_003.png,C,BL,BL,1,NA,0,10,3,h1_exc,all_channels,True,BL+TR,2.143913507461548,2.106703519821167,2.4835116863250732,2.0773556232452393,2.4835116863250732,2.4835116863250732,0.37680816650390625
baseline,False,0.0,none,C_BL_0_J010_004.png,/home/yentl/pytorch_gammanet/Images_jitter_final_2/C_BL_0_J010_004.png,C,BL,BL,1,NA,0,10,4,h1_exc,all_channels,True,BL+TR,2.168797016143799,2.072561264038086,2.4181084632873535,2.1266887187957764,2.4181084632873535,2.4181084632873535,0.3455471992492676
baseline,False,0.0,none,C_BL_0_J010_005.png,/home/yentl/pytorch_gammanet/Images_jitter_final_2/C_BL_0_J010_005.png,C,BL,BL,1,NA,0,10,5,h1_exc,all_channels,True,BL+TR,2.097141742706299,2.1200218200683594,2.455477237701416,2.1247634887695312,2.455477237701416,2.455477237701416,0.33545541763305664
baseline,False,0.0,none,C_TR_1_J010_000.png,/home/yentl/pytorch_gammanet/Images_jitter_final_2/C_TR_1_J010_000.png,C,TR,BL,0,NA,1,10,0,h1_exc,all_channels,True,BL+TR,2.297441005706787,2.0683953762054443,2.1805074214935303,2.246873617172241,2.1805074214935303,2.0683953762054443,0.11211204528808594
baseline,False,0.0,none,C_TR_1_J010_001.png,/home/yentl/pytorch_gammanet/Images_jitter_final_2/C_TR_1_J010_001.png,C,TR,BL,0,NA,1,10,1,h1_exc,all_channels,True,BL+TR,2.19952392578125,2.1753580570220947,2.237977981567383,2.2050225734710693,2.237977981567383,2.1753580570220947,0.06261992454528809
baseline,False,0.0,none,C_TR_1_J010_002.png,/home/yentl/pytorch_gammanet/Images_jitter_final_2/C_TR_1_J010_002.png,C,TR,BL,0,NA,1,10,2,h1_exc,all_channels,True,BL+TR,2.24521541595459,2.1530492305755615,2.29545521736145,2.095489025115967,2.29545521736145,2.1530492305755615,0.14240598678588867
baseline,False,0.0,none,C_TR_1_J010_003.png,/home/yentl/pytorch_gammanet/Images_jitter_final_2/C_TR_1_J010_003.png,C,TR,BL,0,NA,1,10,3,h1_exc,all_channels,True,BL+TR,2.243705987930298,2.099558115005493,2.2312214374542236,2.191565990447998,2.2312214374542236,2.099558115005493,0.13166332244873047
baseline,False,0.0,none,C_TR_1_J010_004.png,/home/yentl/pytorch_gammanet/Images_jitter_final_2/C_TR_1_J010_004.png,C,TR,BL,0,NA,1,10,4,h1_exc,all_channels,True,BL+TR,2.287864923477173,2.165158271789551,2.234253406524658,2.100193500518799,2.234253406524658,2.165158271789551,0.06909513473510742
baseline,False,0.0,none,C_TR_1_J010_005.png,/home/yentl/pytorch_gammanet/Images_jitter_final_2/C_TR_1_J010_005.png,C,TR,BL,0,NA,1,10,5,h1_exc,all_channels,True,BL+TR,2.3096725940704346,2.095089912414551,2.220834732055664,2.150303363800049,2.220834732055664,2.095089912414551,0.12574481964111328
baseline,False,0.0,none,C_BL_0_J020_000.png,/home/yentl/pytorch_gammanet/Images_jitter_final_2/C_BL_0_J020_000.png,C,BL,BL,1,NA,0,20,0,h1_exc,all_channels,True,BL+TR,2.203676700592041,2.057893753051758,2.4137988090515137,2.1234960556030273,2.4137988090515137,2.4137988090515137,0.35590505599975586
baseline,False,0.0,none,C_BL_0_J020_001.png,/home/yentl/pytorch_gammanet/Images_jitter_final_2/C_BL_0_J020_001.png,C,BL,BL,1,NA,0,20,1,h1_exc,all_channels,True,BL+TR,2.1236319541931152,2.108954906463623,2.475287437438965,2.06990385055542,2.475287437438965,2.475287437438965,0.3663325309753418
baseline,False,0.0,none,C_BL_0_J020_002.png,/home/yentl/pytorch_gammanet/Images_jitter_final_2/C_BL_0_J020_002.png,C,BL,BL,1,NA,0,20,2,h1_exc,all_channels,True,BL+TR,2.1289162635803223,2.05869197845459,2.5349597930908203,2.0739803314208984,2.5349597930908203,2.5349597930908203,0.47626781463623047
baseline,False,0.0,none,C_BL_0_J020_003.png,/home/yentl/pytorch_gammanet/Images_jitter_final_2/C_BL_0_J020_003.png,C,BL,BL,1,NA,0,20,3,h1_exc,all_channels,True,BL+TR,2.1534745693206787,2.1161818504333496,2.454434394836426,2.0848984718322754,2.454434394836426,2.454434394836426,0.33825254440307617
baseline,False,0.0,none,C_BL_0_J020_004.png,/home/yentl/pytorch_gammanet/Images_jitter_final_2/C_BL_0_J020_004.png,C,BL,BL,1,NA,0,20,4,h1_exc,all_channels,True,BL+TR,2.1656076908111572,2.070345163345337,2.4165091514587402,2.1271162033081055,2.4165091514587402,2.4165091514587402,0.3461639881134033
baseline,False,0.0,none,C_BL_0_J020_005.png,/home/yentl/pytorch_gammanet/Images_jitter_final_2/C_BL_0_J020_005.png,C,BL,BL,1,NA,0,20,5,h1_exc,all_channels,True,BL+TR,2.1041953563690186,2.129044532775879,2.434666395187378,2.1297459602355957,2.434666395187378,2.434666395187378,0.305621862411499
baseline,False,0.0,none,C_TR_1_J020_000.png,/home/yentl/pytorch_gammanet/Images_jitter_final_2/C_TR_1_J020_000.png,C,TR,BL,0,NA,1,20,0,h1_exc,all_channels,True,BL+TR,2.2997305393218994,2.060443878173828,2.1830787658691406,2.2492048740386963,2.1830787658691406,2.060443878173828,0.1226348876953125
baseline,False,0.0,none,C_TR_1_J020_001.png,/home/yentl/pytorch_gammanet/Images_jitter_final_2/C_TR_1_J020_001.png,C,TR,BL,0,NA,1,20,1,h1_exc,all_channels,True,BL+TR,2.199089527130127,2.175528049468994,2.2379510402679443,2.20613956451416,2.2379510402679443,2.175528049468994,0.062422990798950195
baseline,False,0.0,none,C_TR_1_J020_002.png,/home/yentl/pytorch_gammanet/Images_jitter_final_2/C_TR_1_J020_002.png,C,TR,BL,0,NA,1,20,2,h1_exc,all_channels,True,BL+TR,2.2479538917541504,2.147052526473999,2.2993481159210205,2.094942092895508,2.2993481159210205,2.147052526473999,0.15229558944702148
baseline,False,0.0,none,C_TR_1_J020_003.png,/home/yentl/pytorch_gammanet/Images_jitter_final_2/C_TR_1_J020_003.png,C,TR,BL,0,NA,1,20,3,h1_exc,all_channels,True,BL+TR,2.258859395980835,2.062255859375,2.2490439414978027,2.2039670944213867,2.2490439414978027,2.062255859375,0.18678808212280273
baseline,False,0.0,none,C_TR_1_J020_004.png,/home/yentl/pytorch_gammanet/Images_jitter_final_2/C_TR_1_J020_004.png,C,TR,BL,0,NA,1,20,4,h1_exc,all_channels,True,BL+TR,2.284217596054077,2.1717138290405273,2.233602523803711,2.098849296569824,2.233602523803711,2.1717138290405273,0.061888694763183594
baseline,False,0.0,none,C_TR_1_J020_005.png,/home/yentl/pytorch_gammanet/Images_jitter_final_2/C_TR_1_J020_005.png,C,TR,BL,0,NA,1,20,5,h1_exc,all_channels,True,BL+TR,2.3228189945220947,2.0589919090270996,2.2308967113494873,2.156343698501587,2.2308967113494873,2.0589919090270996,0.1719048023223877
baseline,False,0.0,none,C_BL_0_J030_000.png,/home/yentl/pytorch_gammanet/Images_jitter_final_2/C_BL_0_J030_000.png,C,BL,BL,1,NA,0,30,0,h1_exc,all_channels,True,BL+TR,2.2300806045532227,2.0782630443573,2.341940402984619,2.143960475921631,2.341940402984619,2.341940402984619,0.26367735862731934
baseline,False,0.0,none,C_BL_0_J030_001.png,/home/yentl/pytorch_gammanet/Images_jitter_final_2/C_BL_0_J030_001.png,C,BL,BL,1,NA,0,30,1,h1_exc,all_channels,True,BL+TR,2.1252498626708984,2.1113452911376953,2.46596622467041,2.0728530883789062,2.46596622467041,2.46596622467041,0.35462093353271484
baseline,False,0.0,none,C_BL_0_J030_002.png,/home/yentl/pytorch_gammanet/Images_jitter_final_2/C_BL_0_J030_002.png,C,BL,BL,1,NA,0,30,2,h1_exc,all_channels,True,BL+TR,2.142580986022949,2.06982159614563,2.5052313804626465,2.083894968032837,2.5052313804626465,2.5052313804626465,0.4354097843170166
baseline,False,0.0,none,C_BL_0_J030_003.png,/home/yentl/pytorch_gammanet/Images_jitter_final_2/C_BL_0_J030_003.png,C,BL,BL,1,NA,0,30,3,h1_exc,all_channels,True,BL+TR,2.1597843170166016,2.1215898990631104,2.4425392150878906,2.0880298614501953,2.4425392150878906,2.4425392150878906,0.3209493160247803
baseline,False,0.0,none,C_BL_0_J030_004.png,/home/yentl/pytorch_gammanet/Images_jitter_final_2/C_BL_0_J030_004.png,C,BL,BL,1,NA,0,30,4,h1_exc,all_channels,True,BL+TR,2.173050880432129,2.0780699253082275,2.400815725326538,2.13398814201355,2.400815725326538,2.400815725326538,0.32274580001831055
baseline,False,0.0,none,C_BL_0_J030_005.png,/home/yentl/pytorch_gammanet/Images_jitter_final_2/C_BL_0_J030_005.png,C,BL,BL,1,NA,0,30,5,h1_exc,all_channels,True,BL+TR,2.117344617843628,2.1485633850097656,2.3879780769348145,2.1454362869262695,2.3879780769348145,2.3879780769348145,0.23941469192504883
baseline,False,0.0,none,C_TR_1_J030_000.png,/home/yentl/pytorch_gammanet/Images_jitter_final_2/C_TR_1_J030_000.png,C,TR,BL,0,NA,1,30,0,h1_exc,all_channels,True,BL+TR,2.30357027053833,2.042398691177368,2.1855459213256836,2.25477933883667,2.1855459213256836,2.042398691177368,0.14314723014831543
baseline,False,0.0,none,C_TR_1_J030_001.png,/home/yentl/pytorch_gammanet/Images_jitter_final_2/C_TR_1_J030_001.png,C,TR,BL,0,NA,1,30,1,h1_exc,all_channels,True,BL+TR,2.2105722427368164,2.1386361122131348,2.2492101192474365,2.2167317867279053,2.2492101192474365,2.1386361122131348,0.11057400703430176
baseline,False,0.0,none,C_TR_1_J030_002.png,/home/yentl/pytorch_gammanet/Images_jitter_final_2/C_TR_1_J030_002.png,C,TR,BL,0,NA,1,30,2,h1_exc,all_channels,True,BL+TR,2.250117063522339,2.137058734893799,2.303112030029297,2.10073184967041,2.303112030029297,2.137058734893799,0.16605329513549805
baseline,False,0.0,none,C_TR_1_J030_003.png,/home/yentl/pytorch_gammanet/Images_jitter_final_2/C_TR_1_J030_003.png,C,TR,BL,0,NA,1,30,3,h1_exc,all_channels,True,BL+TR,2.2727906703948975,2.037147045135498,2.251436471939087,2.2011570930480957,2.251436471939087,2.037147045135498,0.21428942680358887
baseline,False,0.0,none,C_TR_1_J030_004.png,/home/yentl/pytorch_gammanet/Images_jitter_final_2/C_TR_1_J030_004.png,C,TR,BL,0,NA,1,30,4,h1_exc,all_channels,True,BL+TR,2.3015365600585938,2.13852596282959,2.241443395614624,2.101771116256714,2.241443395614624,2.13852596282959,0.10291743278503418
baseline,False,0.0,none,C_TR_1_J030_005.png,/home/yentl/pytorch_gammanet/Images_jitter_final_2/C_TR_1_J030_005.png,C,TR,BL,0,NA,1,30,5,h1_exc,all_channels,True,BL+TR,2.3210527896881104,2.060969591140747,2.23006534576416,2.157599449157715,2.23006534576416,2.060969591140747,0.16909575462341309
baseline,False,0.0,none,C_BL_0_J040_000.png,/home/yentl/pytorch_gammanet/Images_jitter_final_2/C_BL_0_J040_000.png,C,BL,BL,1,NA,0,40,0,h1_exc,all_channels,True,BL+TR,2.2104973793029785,2.061629295349121,2.40232515335083,2.1277389526367188,2.40232515335083,2.40232515335083,0.340695858001709
baseline,False,0.0,none,C_BL_0_J040_001.png,/home/yentl/pytorch_gammanet/Images_jitter_final_2/C_BL_0_J040_001.png,C,BL,BL,1,NA,0,40,1,h1_exc,all_channels,True,BL+TR,2.1446080207824707,2.128647804260254,2.4318079948425293,2.086660385131836,2.4318079948425293,2.4318079948425293,0.3031601905822754
baseline,False,0.0,none,C_BL_0_J040_002.png,/home/yentl/pytorch_gammanet/Images_jitter_final_2/C_BL_0_J040_002.png,C,BL,BL,1,NA,0,40,2,h1_exc,all_channels,True,BL+TR,2.1406090259552,2.0732710361480713,2.486748218536377,2.0877411365509033,2.486748218536377,2.486748218536377,0.41347718238830566
baseline,False,0.0,none,C_BL_0_J040_003.png,/home/yentl/pytorch_gammanet/Images_jitter_final_2/C_BL_0_J040_003.png,C,BL,BL,1,NA,0,40,3,h1_exc,all_channels,True,BL+TR,2.1840763092041016,2.1437385082244873,2.3558456897735596,2.1033544540405273,2.3558456897735596,2.3558456897735596,0.21210718154907227
baseline,False,0.0,none,C_BL_0_J040_004.png,/home/yentl/pytorch_gammanet/Images_jitter_final_2/C_BL_0_J040_004.png,C,BL,BL,1,NA,0,40,4,h1_exc,all_channels,True,BL+TR,2.1799545288085938,2.085360288619995,2.368626356124878,2.144848346710205,2.368626356124878,2.368626356124878,0.2832660675048828
baseline,False,0.0,none,C_BL_0_J040_005.png,/home/yentl/pytorch_gammanet/Images_jitter_final_2/C_BL_0_J040_005.png,C,BL,BL,1,NA,0,40,5,h1_exc,all_channels,True,BL+TR,2.1219959259033203,2.1611850261688232,2.3548688888549805,2.1556859016418457,2.3548688888549805,2.3548688888549805,0.19368386268615723
baseline,False,0.0,none,C_TR_1_J040_000.png,/home/yentl/pytorch_gammanet/Images_jitter_final_2/C_TR_1_J040_000.png,C,TR,BL,0,NA,1,40,0,h1_exc,all_channels,True,BL+TR,2.300971746444702,2.050973653793335,2.185659885406494,2.25350022315979,2.185659885406494,2.050973653793335,0.13468623161315918
baseline,False,0.0,none,C_TR_1_J040_001.png,/home/yentl/pytorch_gammanet/Images_jitter_final_2/C_TR_1_J040_001.png,C,TR,BL,0,NA,1,40,1,h1_exc,all_channels,True,BL+TR,2.2132527828216553,2.1305129528045654,2.2535488605499268,2.2204792499542236,2.2535488605499268,2.1305129528045654,0.12303590774536133
baseline,False,0.0,none,C_TR_1_J040_002.png,/home/yentl/pytorch_gammanet/Images_jitter_final_2/C_TR_1_J040_002.png,C,TR,BL,0,NA,1,40,2,h1_exc,all_channels,True,BL+TR,2.252743721008301,2.132246255874634,2.306215286254883,2.09780216217041,2.306215286254883,2.132246255874634,0.17396903038024902
baseline,False,0.0,none,C_TR_1_J040_003.png,/home/yentl/pytorch_gammanet/Images_jitter_final_2/C_TR_1_J040_003.png,C,TR,BL,0,NA,1,40,3,h1_exc,all_channels,True,BL+TR,2.274280309677124,2.0341618061065674,2.2543931007385254,2.204139232635498,2.2543931007385254,2.0341618061065674,0.220231294631958
baseline,False,0.0,none,C_TR_1_J040_004.png,/home/yentl/pytorch_gammanet/Images_jitter_final_2/C_TR_1_J040_004.png,C,TR,BL,0,NA,1,40,4,h1_exc,all_channels,True,BL+TR,2.2955334186553955,2.1503913402557373,2.242206335067749,2.099213123321533,2.242206335067749,2.1503913402557373,0.09181499481201172
baseline,False,0.0,none,C_TR_1_J040_005.png,/home/yentl/pytorch_gammanet/Images_jitter_final_2/C_TR_1_J040_005.png,C,TR,BL,0,NA,1,40,5,h1_exc,all_channels,True,BL+TR,2.3235461711883545,2.0512442588806152,2.2325282096862793,2.1579933166503906,2.2325282096862793,2.0512442588806152,0.18128395080566406
baseline,False,0.0,none,C_BL_0_J050_000.png,/home/yentl/pytorch_gammanet/Images_jitter_final_2/C_BL_0_J050_000.png,C,BL,BL,1,NA,0,50,0,h1_exc,all_channels,True,BL+TR,2.226722002029419,2.073110818862915,2.3586182594299316,2.139390707015991,2.3586182594299316,2.3586182594299316,0.2855074405670166
baseline,False,0.0,none,C_BL_0_J050_001.png,/home/yentl/pytorch_gammanet/Images_jitter_final_2/C_BL_0_J050_001.png,C,BL,BL,1,NA,0,50,1,h1_exc,all_channels,True,BL+TR,2.1469130516052246,2.130843162536621,2.4325549602508545,2.0788638591766357,2.4325549602508545,2.4325549602508545,0.3017117977142334
baseline,False,0.0,none,C_BL_0_J050_002.png,/home/yentl/pytorch_gammanet/Images_jitter_final_2/C_BL_0_J050_002.png,C,BL,BL,1,NA,0,50,2,h1_exc,all_channels,True,BL+TR,2.159623384475708,2.083597421646118,2.4482526779174805,2.0973777770996094,2.4482526779174805,2.4482526779174805,0.3646552562713623
baseline,False,0.0,none,C_BL_0_J050_003.png,/home/yentl/pytorch_gammanet/Images_jitter_final_2/C_BL_0_J050_003.png,C,BL,BL,1,NA,0,50,3,h1_exc,all_channels,True,BL+TR,2.1856350898742676,2.143559217453003,2.365760087966919,2.105405330657959,2.365760087966919,2.365760087966919,0.22220087051391602
baseline,False,0.0,none,C_BL_0_J050_004.png,/home/yentl/pytorch_gammanet/Images_jitter_final_2/C_BL_0_J050_004.png,C,BL,BL,1,NA,0,50,4,h1_exc,all_channels,True,BL+TR,2.173187494277954,2.081535816192627,2.3897459506988525,2.1374945640563965,2.3897459506988525,2.3897459506988525,0.3082101345062256
baseline,False,0.0,none,C_BL_0_J050_005.png,/home/yentl/pytorch_gammanet/Images_jitter_final_2/C_BL_0_J050_005.png,C,BL,BL,1,NA,0,50,5,h1_exc,all_channels,True,BL+TR,2.123242139816284,2.157914876937866,2.361640214920044,2.150423288345337,2.361640214920044,2.361640214920044,0.20372533798217773
baseline,False,0.0,none,C_TR_1_J050_000.png,/home/yentl/pytorch_gammanet/Images_jitter_final_2/C_TR_1_J050_000.png,C,TR,BL,0,NA,1,50,0,h1_exc,all_channels,True,BL+TR,2.309628963470459,2.0330352783203125,2.189012050628662,2.258694648742676,2.189012050628662,2.0330352783203125,0.1559767723083496
baseline,False,0.0,none,C_TR_1_J050_001.png,/home/yentl/pytorch_gammanet/Images_jitter_final_2/C_TR_1_J050_001.png,C,TR,BL,0,NA,1,50,1,h1_exc,all_channels,True,BL+TR,2.2200281620025635,2.103032112121582,2.260789394378662,2.2256650924682617,2.260789394378662,2.103032112121582,0.15775728225708008
baseline,False,0.0,none,C_TR_1_J050_002.png,/home/yentl/pytorch_gammanet/Images_jitter_final_2/C_TR_1_J050_002.png,C,TR,BL,0,NA,1,50,2,h1_exc,all_channels,True,BL+TR,2.261098861694336,2.099759578704834,2.3123178482055664,2.1131742000579834,2.3123178482055664,2.099759578704834,0.21255826950073242
baseline,False,0.0,none,C_TR_1_J050_003.png,/home/yentl/pytorch_gammanet/Images_jitter_final_2/C_TR_1_J050_003.png,C,TR,BL,0,NA,1,50,3,h1_exc,all_channels,True,BL+TR,2.269134044647217,2.047869920730591,2.245445966720581,2.206249713897705,2.245445966720581,2.047869920730591,0.19757604598999023
baseline,False,0.0,none,C_TR_1_J050_004.png,/home/yentl/pytorch_gammanet/Images_jitter_final_2/C_TR_1_J050_004.png,C,TR,BL,0,NA,1,50,4,h1_exc,all_channels,True,BL+TR,2.304048538208008,2.1310462951660156,2.2505276203155518,2.0981571674346924,2.2505276203155518,2.1310462951660156,0.11948132514953613
baseline,False,0.0,none,C_TR_1_J050_005.png,/home/yentl/pytorch_gammanet/Images_jitter_final_2/C_TR_1_J050_005.png,C,TR,BL,0,NA,1,50,5,h1_exc,all_channels,True,BL+TR,2.3216552734375,2.062997341156006,2.229888439178467,2.154961109161377,2.229888439178467,2.062997341156006,0.16689109802246094
baseline,False,0.0,none,straight_BL_0_J000_000.png,/home/yentl/pytorch_gammanet/Images_jitter_final_2/straight_BL_0_J000_000.png,straight,BL,BL,1,NA,0,0,0,h1_exc,all_channels,True,BL+TR,2.2616806030273438,2.0329151153564453,2.4287989139556885,2.0553174018859863,2.4287989139556885,2.4287989139556885,0.39588379859924316
baseline,False,0.0,none,straight_BL_0_J000_001.png,/home/yentl/pytorch_gammanet/Images_jitter_final_2/straight_BL_0_J000_001.png,straight,BL,BL,1,NA,0,0,1,h1_exc,all_channels,True,BL+TR,2.249293327331543,2.0167768001556396,2.417246103286743,2.0852606296539307,2.417246103286743,2.417246103286743,0.4004693031311035
baseline,False,0.0,none,straight_BL_0_J000_002.png,/home/yentl/pytorch_gammanet/Images_jitter_final_2/straight_BL_0_J000_002.png,straight,BL,BL,1,NA,0,0,2,h1_exc,all_channels,True,BL+TR,2.23948335647583,1.9921859502792358,2.426908016204834,2.1602301597595215,2.426908016204834,2.426908016204834,0.43472206592559814
baseline,False,0.0,none,straight_BL_0_J000_003.png,/home/yentl/pytorch_gammanet/Images_jitter_final_2/straight_BL_0_J000_003.png,straight,BL,BL,1,NA,0,0,3,h1_exc,all_channels,True,BL+TR,2.2384142875671387,2.0013327598571777,2.4182815551757812,2.140162944793701,2.4182815551757812,2.4182815551757812,0.4169487953186035
baseline,False,0.0,none,straight_BL_0_J000_004.png,/home/yentl/pytorch_gammanet/Images_jitter_final_2/straight_BL_0_J000_004.png,straight,BL,BL,1,NA,0,0,4,h1_exc,all_channels,True,BL+TR,2.2488009929656982,2.0824906826019287,2.371948719024658,2.0763864517211914,2.371948719024658,2.371948719024658,0.2894580364227295
baseline,False,0.0,none,straight_BL_0_J000_005.png,/home/yentl/pytorch_gammanet/Images_jitter_final_2/straight_BL_0_J000_005.png,straight,BL,BL,1,NA,0,0,5,h1_exc,all_channels,True,BL+TR,2.257004499435425,2.0768492221832275,2.364684581756592,2.1074235439300537,2.364684581756592,2.364684581756592,0.28783535957336426
baseline,False,0.0,none,straight_TR_0_J000_000.png,/home/yentl/pytorch_gammanet/Images_jitter_final_2/straight_TR_0_J000_000.png,straight,TR,BL,0,NA,0,0,0,h1_exc,all_channels,True,BL+TR,2.1796984672546387,2.2142138481140137,2.215228319168091,2.1814091205596924,2.215228319168091,2.2142138481140137,0.0010144710540771484
baseline,False,0.0,none,straight_TR_0_J000_001.png,/home/yentl/pytorch_gammanet/Images_jitter_final_2/straight_TR_0_J000_001.png,straight,TR,TR,1,NA,0,0,1,h1_exc,all_channels,True,BL+TR,2.136791467666626,2.2309374809265137,2.1923296451568604,2.224701166152954,2.2309374809265137,2.2309374809265137,-0.03860783576965332
baseline,False,0.0,none,straight_TR_0_J000_002.png,/home/yentl/pytorch_gammanet/Images_jitter_final_2/straight_TR_0_J000_002.png,straight,TR,BL,0,NA,0,0,2,h1_exc,all_channels,True,BL+TR,2.1622161865234375,2.2337746620178223,2.263497829437256,2.1093194484710693,2.263497829437256,2.2337746620178223,0.029723167419433594
baseline,False,0.0,none,straight_TR_0_J000_003.png,/home/yentl/pytorch_gammanet/Images_jitter_final_2/straight_TR_0_J000_003.png,straight,TR,BL,0,NA,0,0,3,h1_exc,all_channels,True,BL+TR,2.2784583568573,2.157808303833008,2.25484561920166,2.098379611968994,2.25484561920166,2.157808303833008,0.09703731536865234
baseline,False,0.0,none,straight_TR_0_J000_004.png,/home/yentl/pytorch_gammanet/Images_jitter_final_2/straight_TR_0_J000_004.png,straight,TR,BL,0,NA,0,0,4,h1_exc,all_channels,True,BL+TR,2.2032876014709473,2.213461399078369,2.272934913635254,2.0912530422210693,2.272934913635254,2.213461399078369,0.059473514556884766
baseline,False,0.0,none,straight_TR_0_J000_005.png,/home/yentl/pytorch_gammanet/Images_jitter_final_2/straight_TR_0_J000_005.png,straight,TR,BL,0,NA,0,0,5,h1_exc,all_channels,True,BL+TR,2.168736219406128,2.212379217147827,2.241492748260498,2.1845734119415283,2.241492748260498,2.212379217147827,0.0291135311126709
baseline,False,0.0,none,straight_BL_0_J010_000.png,/home/yentl/pytorch_gammanet/Images_jitter_final_2/straight_BL_0_J010_000.png,straight,BL,BL,1,NA,0,10,0,h1_exc,all_channels,True,BL+TR,2.270812511444092,2.0371341705322266,2.4105124473571777,2.059246063232422,2.4105124473571777,2.4105124473571777,0.37337827682495117
baseline,False,0.0,none,straight_BL_0_J010_001.png,/home/yentl/pytorch_gammanet/Images_jitter_final_2/straight_BL_0_J010_001.png,straight,BL,BL,1,NA,0,10,1,h1_exc,all_channels,True,BL+TR,2.257119655609131,2.0229411125183105,2.404942512512207,2.0902609825134277,2.404942512512207,2.404942512512207,0.3820013999938965
baseline,False,0.0,none,straight_BL_0_J010_002.png,/home/yentl/pytorch_gammanet/Images_jitter_final_2/straight_BL_0_J010_002.png,straight,BL,BL,1,NA,0,10,2,h1_exc,all_channels,True,BL+TR,2.2512121200561523,1.9970835447311401,2.4049577713012695,2.1705641746520996,2.4049577713012695,2.4049577713012695,0.4078742265701294
baseline,False,0.0,none,straight_BL_0_J010_003.png,/home/yentl/pytorch_gammanet/Images_jitter_final_2/straight_BL_0_J010_003.png,straight,BL,BL,1,NA,0,10,3,h1_exc,all_channels,True,BL+TR,2.248652458190918,2.005108594894409,2.3984127044677734,2.146557569503784,2.3984127044677734,2.3984127044677734,0.39330410957336426
baseline,False,0.0,none,straight_BL_0_J010_004.png,/home/yentl/pytorch_gammanet/Images_jitter_final_2/straight_BL_0_J010_004.png,straight,BL,BL,1,NA,0,10,4,h1_exc,all_channels,True,BL+TR,2.254765510559082,2.086449146270752,2.3585779666900635,2.078981399536133,2.3585779666900635,2.3585779666900635,0.2721288204193115
baseline,False,0.0,none,straight_BL_0_J010_005.png,/home/yentl/pytorch_gammanet/Images_jitter_final_2/straight_BL_0_J010_005.png,straight,BL,BL,1,NA,0,10,5,h1_exc,all_channels,True,BL+TR,2.265068292617798,2.0816831588745117,2.3487987518310547,2.112765312194824,2.3487987518310547,2.3487987518310547,0.26711559295654297
baseline,False,0.0,none,straight_TR_0_J010_000.png,/home/yentl/pytorch_gammanet/Images_jitter_final_2/straight_TR_0_J010_000.png,straight,TR,BL,0,NA,0,10,0,h1_exc,all_channels,True,BL+TR,2.1852831840515137,2.200918197631836,2.2216796875,2.1872642040252686,2.2216796875,2.200918197631836,0.020761489868164062
baseline,False,0.0,none,straight_TR_0_J010_001.png,/home/yentl/pytorch_gammanet/Images_jitter_final_2/straight_TR_0_J010_001.png,straight,TR,TR,1,NA,0,10,1,h1_exc,all_channels,True,BL+TR,2.144479990005493,2.2089858055114746,2.202160120010376,2.2346367835998535,2.2089858055114746,2.2089858055114746,-0.006825685501098633
baseline,False,0.0,none,straight_TR_0_J010_002.png,/home/yentl/pytorch_gammanet/Images_jitter_final_2/straight_TR_0_J010_002.png,straight,TR,BL,0,NA,0,10,2,h1_exc,all_channels,True,BL+TR,2.1768500804901123,2.1910345554351807,2.283992052078247,2.119905710220337,2.283992052078247,2.1910345554351807,0.0929574966430664
baseline,False,0.0,none,straight_TR_0_J010_003.png,/home/yentl/pytorch_gammanet/Images_jitter_final_2/straight_TR_0_J010_003.png,straight,TR,BL,0,NA,0,10,3,h1_exc,all_channels,True,BL+TR,2.288269281387329,2.1361546516418457,2.264254570007324,2.1034607887268066,2.264254570007324,2.1361546516418457,0.12809991836547852
baseline,False,0.0,none,straight_TR_0_J010_004.png,/home/yentl/pytorch_gammanet/Images_jitter_final_2/straight_TR_0_J010_004.png,straight,TR,BL,0,NA,0,10,4,h1_exc,all_channels,True,BL+TR,2.227651596069336,2.154782772064209,2.301772356033325,2.1044423580169678,2.301772356033325,2.154782772064209,0.1469895839691162
baseline,False,0.0,none,straight_TR_0_J010_005.png,/home/yentl/pytorch_gammanet/Images_jitter_final_2/straight_TR_0_J010_005.png,straight,TR,BL,0,NA,0,10,5,h1_exc,all_channels,True,BL+TR,2.173211097717285,2.198883295059204,2.2482409477233887,2.189091682434082,2.2482409477233887,2.198883295059204,0.04935765266418457
baseline,False,0.0,none,straight_BL_0_J020_000.png,/home/yentl/pytorch_gammanet/Images_jitter_final_2/straight_BL_0_J020_000.png,straight,BL,BL,1,NA,0,20,0,h1_exc,all_channels,True,BL+TR,2.2757139205932617,2.0387749671936035,2.401726722717285,2.0611119270324707,2.401726722717285,2.401726722717285,0.36295175552368164
baseline,False,0.0,none,straight_BL_0_J020_001.png,/home/yentl/pytorch_gammanet/Images_jitter_final_2/straight_BL_0_J020_001.png,straight,BL,BL,1,NA,0,20,1,h1_exc,all_channels,True,BL+TR,2.2649245262145996,2.0271787643432617,2.393418073654175,2.095137119293213,2.393418073654175,2.393418073654175,0.3662393093109131
baseline,False,0.0,none,straight_BL_0_J020_002.png,/home/yentl/pytorch_gammanet/Images_jitter_final_2/straight_BL_0_J020_002.png,straight,BL,BL,1,NA,0,20,2,h1_exc,all_channels,True,BL+TR,2.248610258102417,1.9962067604064941,2.4064126014709473,2.1682963371276855,2.4064126014709473,2.4064126014709473,0.4102058410644531
baseline,False,0.0,none,straight_BL_0_J020_003.png,/home/yentl/pytorch_gammanet/Images_jitter_final_2/straight_BL_0_J020_003.png,straight,BL,BL,1,NA,0,20,3,h1_exc,all_channels,True,BL+TR,2.2463765144348145,2.0045580863952637,2.40092134475708,2.1461801528930664,2.40092134475708,2.40092134475708,0.3963632583618164
baseline,False,0.0,none,straight_BL_0_J020_004.png,/home/yentl/pytorch_gammanet/Images_jitter_final_2/straight_BL_0_J020_004.png,straight,BL,BL,1,NA,0,20,4,h1_exc,all_channels,True,BL+TR,2.2574985027313232,2.0873570442199707,2.35212779045105,2.079230546951294,2.35212779045105,2.35212779045105,0.2647707462310791
baseline,False,0.0,none,straight_BL_0_J020_005.png,/home/yentl/pytorch_gammanet/Images_jitter_final_2/straight_BL_0_J020_005.png,straight,BL,BL,1,NA,0,20,5,h1_exc,all_channels,True,BL+TR,2.27459979057312,2.087501049041748,2.3266470432281494,2.119387149810791,2.3266470432281494,2.3266470432281494,0.23914599418640137
baseline,False,0.0,none,straight_TR_0_J020_000.png,/home/yentl/pytorch_gammanet/Images_jitter_final_2/straight_TR_0_J020_000.png,straight,TR,BL,0,NA,0,20,0,h1_exc,all_channels,True,BL+TR,2.201957941055298,2.1559503078460693,2.2374348640441895,2.200606107711792,2.2374348640441895,2.1559503078460693,0.08148455619812012
baseline,False,0.0,none,straight_TR_0_J020_001.png,/home/yentl/pytorch_gammanet/Images_jitter_final_2/straight_TR_0_J020_001.png,straight,TR,BL,0,NA,0,20,1,h1_exc,all_channels,True,BL+TR,2.1588120460510254,2.156435966491699,2.2205660343170166,2.2522780895233154,2.2205660343170166,2.156435966491699,0.06413006782531738
baseline,False,0.0,none,straight_TR_0_J020_002.png,/home/yentl/pytorch_gammanet/Images_jitter_final_2/straight_TR_0_J020_002.png,straight,TR,BL,0,NA,0,20,2,h1_exc,all_channels,True,BL+TR,2.1706461906433105,2.2091052532196045,2.275799036026001,2.1142592430114746,2.275799036026001,2.2091052532196045,0.06669378280639648
baseline,False,0.0,none,straight_TR_0_J020_003.png,/home/yentl/pytorch_gammanet/Images_jitter_final_2/straight_TR_0_J020_003.png,straight,TR,BL,0,NA,0,20,3,h1_exc,all_channels,True,BL+TR,2.2898106575012207,2.1311933994293213,2.2652034759521484,2.104422092437744,2.2652034759521484,2.1311933994293213,0.13401007652282715
baseline,False,0.0,none,straight_TR_0_J020_004.png,/home/yentl/pytorch_gammanet/Images_jitter_final_2/straight_TR_0_J020_004.png,straight,TR,BL,0,NA,0,20,4,h1_exc,all_channels,True,BL+TR,2.224484920501709,2.1626436710357666,2.2992491722106934,2.103242874145508,2.2992491722106934,2.1626436710357666,0.13660550117492676
baseline,False,0.0,none,straight_TR_0_J020_005.png,/home/yentl/pytorch_gammanet/Images_jitter_final_2/straight_TR_0_J020_005.png,straight,TR,BL,0,NA,0,20,5,h1_exc,all_channels,True,BL+TR,2.1813411712646484,2.1760528087615967,2.258882999420166,2.1959421634674072,2.258882999420166,2.1760528087615967,0.08283019065856934
baseline,False,0.0,none,straight_BL_0_J030_000.png,/home/yentl/pytorch_gammanet/Images_jitter_final_2/straight_BL_0_J030_000.png,straight,BL,BL,1,NA,0,30,0,h1_exc,all_channels,True,BL+TR,2.2823984622955322,2.0405585765838623,2.3910136222839355,2.0627756118774414,2.3910136222839355,2.3910136222839355,0.35045504570007324
baseline,False,0.0,none,straight_BL_0_J030_001.png,/home/yentl/pytorch_gammanet/Images_jitter_final_2/straight_BL_0_J030_001.png,straight,BL,BL,1,NA,0,30,1,h1_exc,all_channels,True,BL+TR,2.280931234359741,2.0329039096832275,2.360098361968994,2.1035211086273193,2.360098361968994,2.360098361968994,0.3271944522857666
baseline,False,0.0,none,straight_BL_0_J030_002.png,/home/yentl/pytorch_gammanet/Images_jitter_final_2/straight_BL_0_J030_002.png,straight,BL,BL,1,NA,0,30,2,h1_exc,all_channels,True,BL+TR,2.251737117767334,1.9974138736724854,2.404827117919922,2.172300100326538,2.404827117919922,2.404827117919922,0.4074132442474365
baseline,False,0.0,none,straight_BL_0_J030_003.png,/home/yentl/pytorch_gammanet/Images_jitter_final_2/straight_BL_0_J030_003.png,straight,BL,BL,1,NA,0,30,3,h1_exc,all_channels,True,BL+TR,2.2512905597686768,2.0058555603027344,2.391645908355713,2.1489100456237793,2.391645908355713,2.391645908355713,0.3857903480529785
baseline,False,0.0,none,straight_BL_0_J030_004.png,/home/yentl/pytorch_gammanet/Images_jitter_final_2/straight_BL_0_J030_004.png,straight,BL,BL,1,NA,0,30,4,h1_exc,all_channels,True,BL+TR,2.2638416290283203,2.0929248332977295,2.3387551307678223,2.0825579166412354,2.3387551307678223,2.3387551307678223,0.24583029747009277
baseline,False,0.0,none,straight_BL_0_J030_005.png,/home/yentl/pytorch_gammanet/Images_jitter_final_2/straight_BL_0_J030_005.png,straight,BL,BL,1,NA,0,30,5,h1_exc,all_channels,True,BL+TR,2.2781054973602295,2.0896098613739014,2.3179779052734375,2.1232244968414307,2.3179779052734375,2.3179779052734375,0.22836804389953613
baseline,False,0.0,none,straight_TR_0_J030_000.png,/home/yentl/pytorch_gammanet/Images_jitter_final_2/straight_TR_0_J030_000.png,straight,TR,BL,0,NA,0,30,0,h1_exc,all_channels,True,BL+TR,2.2082924842834473,2.1302237510681152,2.2445850372314453,2.209003210067749,2.2445850372314453,2.1302237510681152,0.11436128616333008
baseline,False,0.0,none,straight_TR_0_J030_001.png,/home/yentl/pytorch_gammanet/Images_jitter_final_2/straight_TR_0_J030_001.png,straight,TR,BL,0,NA,0,30,1,h1_exc,all_channels,True,BL+TR,2.1654539108276367,2.1277496814727783,2.228783130645752,2.260406017303467,2.228783130645752,2.1277496814727783,0.10103344917297363
baseline,False,0.0,none,straight_TR_0_J030_002.png,/home/yentl/pytorch_gammanet/Images_jitter_final_2/straight_TR_0_J030_002.png,straight,TR,BL,0,NA,0,30,2,h1_exc,all_channels,True,BL+TR,2.1819517612457275,2.1738061904907227,2.2917983531951904,2.12294864654541,2.2917983531951904,2.1738061904907227,0.11799216270446777
baseline,False,0.0,none,straight_TR_0_J030_003.png,/home/yentl/pytorch_gammanet/Images_jitter_final_2/straight_TR_0_J030_003.png,straight,TR,BL,0,NA,0,30,3,h1_exc,all_channels,True,BL+TR,2.300898790359497,2.1056067943573,2.2760016918182373,2.1090087890625,2.2760016918182373,2.1056067943573,0.1703948974609375
baseline,False,0.0,none,straight_TR_0_J030_004.png,/home/yentl/pytorch_gammanet/Images_jitter_final_2/straight_TR_0_J030_004.png,straight,TR,BL,0,NA,0,30,4,h1_exc,all_channels,True,BL+TR,2.2305831909179688,2.1466526985168457,2.3064498901367188,2.106689929962158,2.3064498901367188,2.1466526985168457,0.15979719161987305
baseline,False,0.0,none,straight_TR_0_J030_005.png,/home/yentl/pytorch_gammanet/Images_jitter_final_2/straight_TR_0_J030_005.png,straight,TR,BL,0,NA,0,30,5,h1_exc,all_channels,True,BL+TR,2.183100700378418,2.1713521480560303,2.2623674869537354,2.196890115737915,2.2623674869537354,2.1713521480560303,0.09101533889770508
baseline,False,0.0,none,straight_BL_0_J040_000.png,/home/yentl/pytorch_gammanet/Images_jitter_final_2/straight_BL_0_J040_000.png,straight,BL,BL,1,NA,0,40,0,h1_exc,all_channels,True,BL+TR,2.276749849319458,2.0386905670166016,2.3990278244018555,2.061717987060547,2.3990278244018555,2.3990278244018555,0.3603372573852539
baseline,False,0.0,none,straight_BL_0_J040_001.png,/home/yentl/pytorch_gammanet/Images_jitter_final_2/straight_BL_0_J040_001.png,straight,BL,BL,1,NA,0,40,1,h1_exc,all_channels,True,BL+TR,2.2849810123443604,2.0370380878448486,2.35356068611145,2.106381893157959,2.35356068611145,2.35356068611145,0.31652259826660156
baseline,False,0.0,none,straight_BL_0_J040_002.png,/home/yentl/pytorch_gammanet/Images_jitter_final_2/straight_BL_0_J040_002.png,straight,BL,BL,1,NA,0,40,2,h1_exc,all_channels,True,BL+TR,2.257335662841797,1.9998061656951904,2.3876352310180664,2.1772701740264893,2.3876352310180664,2.3876352310180664,0.387829065322876
baseline,False,0.0,none,straight_BL_0_J040_003.png,/home/yentl/pytorch_gammanet/Images_jitter_final_2/straight_BL_0_J040_003.png,straight,BL,BL,1,NA,0,40,3,h1_exc,all_channels,True,BL+TR,2.26351261138916,2.009903907775879,2.3591148853302,2.15663480758667,2.3591148853302,2.3591148853302,0.3492109775543213
baseline,False,0.0,none,straight_BL_0_J040_004.png,/home/yentl/pytorch_gammanet/Images_jitter_final_2/straight_BL_0_J040_004.png,straight,BL,BL,1,NA,0,40,4,h1_exc,all_channels,True,BL+TR,2.2783572673797607,2.1009857654571533,2.301726818084717,2.0873825550079346,2.301726818084717,2.301726818084717,0.20074105262756348
baseline,False,0.0,none,straight_BL_0_J040_005.png,/home/yentl/pytorch_gammanet/Images_jitter_final_2/straight_BL_0_J040_005.png,straight,BL,BL,1,NA,0,40,5,h1_exc,all_channels,True,BL+TR,2.2790894508361816,2.0898642539978027,2.3147640228271484,2.123025894165039,2.3147640228271484,2.3147640228271484,0.2248997688293457
baseline,False,0.0,none,straight_TR_0_J040_000.png,/home/yentl/pytorch_gammanet/Images_jitter_final_2/straight_TR_0_J040_000.png,straight,TR,BL,0,NA,0,40,0,h1_exc,all_channels,True,BL+TR,2.205406904220581,2.1383655071258545,2.2430684566497803,2.2070722579956055,2.2430684566497803,2.1383655071258545,0.10470294952392578
baseline,False,0.0,none,straight_TR_0_J040_001.png,/home/yentl/pytorch_gammanet/Images_jitter_final_2/straight_TR_0_J040_001.png,straight,TR,BL,0,NA,0,40,1,h1_exc,all_channels,True,BL+TR,2.1640172004699707,2.133932590484619,2.228424549102783,2.257809638977051,2.228424549102783,2.133932590484619,0.09449195861816406
baseline,False,0.0,none,straight_TR_0_J040_002.png,/home/yentl/pytorch_gammanet/Images_jitter_final_2/straight_TR_0_J040_002.png,straight,TR,BL,0,NA,0,40,2,h1_exc,all_channels,True,BL+TR,2.1863293647766113,2.162764549255371,2.296231269836426,2.125838041305542,2.296231269836426,2.162764549255371,0.1334667205810547
baseline,False,0.0,none,straight_TR_0_J040_003.png,/home/yentl/pytorch_gammanet/Images_jitter_final_2/straight_TR_0_J040_003.png,straight,TR,BL,0,NA,0,40,3,h1_exc,all_channels,True,BL+TR,2.3048343658447266,2.08674693107605,2.281919479370117,2.1114139556884766,2.281919479370117,2.08674693107605,0.19517254829406738
baseline,False,0.0,none,straight_TR_0_J040_004.png,/home/yentl/pytorch_gammanet/Images_jitter_final_2/straight_TR_0_J040_004.png,straight,TR,BL,0,NA,0,40,4,h1_exc,all_channels,True,BL+TR,2.246828556060791,2.085512399673462,2.3298048973083496,2.1192941665649414,2.3298048973083496,2.085512399673462,0.2442924976348877
baseline,False,0.0,none,straight_TR_0_J040_005.png,/home/yentl/pytorch_gammanet/Images_jitter_final_2/straight_TR_0_J040_005.png,straight,TR,BL,0,NA,0,40,5,h1_exc,all_channels,True,BL+TR,2.1825146675109863,2.172455310821533,2.261105537414551,2.196983814239502,2.261105537414551,2.172455310821533,0.08865022659301758
baseline,False,0.0,none,straight_BL_0_J050_000.png,/home/yentl/pytorch_gammanet/Images_jitter_final_2/straight_BL_0_J050_000.png,straight,BL,BL,1,NA,0,50,0,h1_exc,all_channels,True,BL+TR,2.286616802215576,2.041919231414795,2.380953788757324,2.0648105144500732,2.380953788757324,2.380953788757324,0.3390345573425293
baseline,False,0.0,none,straight_BL_0_J050_001.png,/home/yentl/pytorch_gammanet/Images_jitter_final_2/straight_BL_0_J050_001.png,straight,BL,BL,1,NA,0,50,1,h1_exc,all_channels,True,BL+TR,2.277148723602295,2.033169746398926,2.370130777359009,2.1001830101013184,2.370130777359009,2.370130777359009,0.336961030960083
baseline,False,0.0,none,straight_BL_0_J050_002.png,/home/yentl/pytorch_gammanet/Images_jitter_final_2/straight_BL_0_J050_002.png,straight,BL,BL,1,NA,0,50,2,h1_exc,all_channels,True,BL+TR,2.27237868309021,2.004084587097168,2.3498926162719727,2.188507318496704,2.3498926162719727,2.3498926162719727,0.3458080291748047
baseline,False,0.0,none,straight_BL_0_J050_003.png,/home/yentl/pytorch_gammanet/Images_jitter_final_2/straight_BL_0_J050_003.png,straight,BL,BL,1,NA,0,50,3,h1_exc,all_channels,True,BL+TR,2.255444049835205,2.0073277950286865,2.377837896347046,2.1552677154541016,2.377837896347046,2.377837896347046,0.3705101013183594
baseline,False,0.0,none,straight_BL_0_J050_004.png,/home/yentl/pytorch_gammanet/Images_jitter_final_2/straight_BL_0_J050_004.png,straight,BL,BL,1,NA,0,50,4,h1_exc,all_channels,True,BL+TR,2.264937400817871,2.091951847076416,2.334313154220581,2.0814144611358643,2.334313154220581,2.334313154220581,0.24236130714416504
baseline,False,0.0,none,straight_BL_0_J050_005.png,/home/yentl/pytorch_gammanet/Images_jitter_final_2/straight_BL_0_J050_005.png,straight,BL,BL,1,NA,0,50,5,h1_exc,all_channels,True,BL+TR,2.2888567447662354,2.092080593109131,2.300624370574951,2.12746000289917,2.300624370574951,2.300624370574951,0.2085437774658203
baseline,False,0.0,none,straight_TR_0_J050_000.png,/home/yentl/pytorch_gammanet/Images_jitter_final_2/straight_TR_0_J050_000.png,straight,TR,BL,0,NA,0,50,0,h1_exc,all_channels,True,BL+TR,2.2070794105529785,2.1351208686828613,2.2430672645568848,2.20863676071167,2.2430672645568848,2.1351208686828613,0.10794639587402344
baseline,False,0.0,none,straight_TR_0_J050_001.png,/home/yentl/pytorch_gammanet/Images_jitter_final_2/straight_TR_0_J050_001.png,straight,TR,BL,0,NA,0,50,1,h1_exc,all_channels,True,BL+TR,2.157193422317505,2.1580307483673096,2.2204580307006836,2.2525389194488525,2.2204580307006836,2.1580307483673096,0.06242728233337402
baseline,False,0.0,none,straight_TR_0_J050_002.png,/home/yentl/pytorch_gammanet/Images_jitter_final_2/straight_TR_0_J050_002.png,straight,TR,BL,0,NA,0,50,2,h1_exc,all_channels,True,BL+TR,2.1998188495635986,2.1103436946868896,2.316201686859131,2.136211395263672,2.316201686859131,2.1103436946868896,0.2058579921722412
baseline,False,0.0,none,straight_TR_0_J050_003.png,/home/yentl/pytorch_gammanet/Images_jitter_final_2/straight_TR_0_J050_003.png,straight,TR,BL,0,NA,0,50,3,h1_exc,all_channels,True,BL+TR,2.3117737770080566,2.074465274810791,2.2869930267333984,2.113619804382324,2.2869930267333984,2.074465274810791,0.21252775192260742
baseline,False,0.0,none,straight_TR_0_J050_004.png,/home/yentl/pytorch_gammanet/Images_jitter_final_2/straight_TR_0_J050_004.png,straight,TR,BL,0,NA,0,50,4,h1_exc,all_channels,True,BL+TR,2.236748456954956,2.1192615032196045,2.3182902336120605,2.1112148761749268,2.3182902336120605,2.1192615032196045,0.19902873039245605
baseline,False,0.0,none,straight_TR_0_J050_005.png,/home/yentl/pytorch_gammanet/Images_jitter_final_2/straight_TR_0_J050_005.png,straight,TR,BL,0,NA,0,50,5,h1_exc,all_channels,True,BL+TR,2.1944518089294434,2.1277620792388916,2.274556875228882,2.2091593742370605,2.274556875228882,2.1277620792388916,0.14679479598999023
