rank,filename,contour_type,layer,channel,mean_activation,mean_abs_activation,max_activation
1,straight_high_BL_0_J000_003.png,straight,td_h1_exc,29,3.6105413,3.6105413,23.189178
2,straight_high_BL_0_J000_003.png,straight,td_h1_exc,23,2.945491,2.945491,29.07289
3,straight_high_BL_0_J000_003.png,straight,td_h1_exc,102,2.7924,2.7924,18.23425
4,straight_high_BL_0_J000_003.png,straight,td_h1_exc,7,2.6574273,2.6574273,16.446054
5,straight_high_BL_0_J000_003.png,straight,td_h1_exc,78,2.4389963,2.4389963,23.654621
6,straight_high_BL_0_J000_003.png,straight,td_h1_exc,92,2.2773886,2.2773886,18.063192
7,straight_high_BL_0_J000_003.png,straight,td_h1_exc,65,2.1400785,2.1400785,9.166523
8,straight_high_BL_0_J000_003.png,straight,td_h1_exc,25,2.1383376,2.1383376,20.542715
9,straight_high_BL_0_J000_003.png,straight,td_h1_exc,62,2.064972,2.064972,8.57113
10,straight_high_BL_0_J000_003.png,straight,td_h1_exc,28,2.0489058,2.0489058,11.317036
11,straight_high_BL_0_J000_003.png,straight,td_h1_exc,105,2.0178685,2.0178685,9.2714405
12,straight_high_BL_0_J000_003.png,straight,td_h1_exc,61,1.9655228,1.9655228,24.809965
13,straight_high_BL_0_J000_003.png,straight,td_h1_exc,80,1.9328454,1.9328454,12.369021
14,straight_high_BL_0_J000_003.png,straight,td_h1_exc,0,1.8785309,1.8785309,21.524912
15,straight_high_BL_0_J000_003.png,straight,td_h1_exc,72,1.7069904,1.7069904,26.380774
16,straight_high_BL_0_J000_003.png,straight,td_h1_exc,121,1.7021312,1.7021312,14.890185
17,straight_high_BL_0_J000_003.png,straight,td_h1_exc,22,1.6526412,1.6526412,6.855822
18,straight_high_BL_0_J000_003.png,straight,td_h1_exc,45,1.6429002,1.6429002,11.67812
19,straight_high_BL_0_J000_003.png,straight,td_h1_exc,6,1.6105193,1.6105193,17.6918
20,straight_high_BL_0_J000_003.png,straight,td_h1_exc,20,1.5571774,1.5571774,10.425697
21,straight_high_BL_0_J000_003.png,straight,td_h1_exc,64,1.454537,1.454537,13.619179
22,straight_high_BL_0_J000_003.png,straight,td_h1_exc,21,1.4403149,1.4403149,16.935102
23,straight_high_BL_0_J000_003.png,straight,td_h1_exc,94,1.436625,1.436625,7.952068
24,straight_high_BL_0_J000_003.png,straight,td_h1_exc,82,1.4306599,1.4306599,36.061913
25,straight_high_BL_0_J000_003.png,straight,td_h1_exc,4,1.4091855,1.4091855,6.0415654
26,straight_high_BL_0_J000_003.png,straight,td_h1_exc,13,1.3856573,1.3856573,15.710601
27,straight_high_BL_0_J000_003.png,straight,td_h1_exc,93,1.3422949,1.3422949,6.034966
28,straight_high_BL_0_J000_003.png,straight,td_h1_exc,49,1.3298169,1.3298169,13.679598
29,straight_high_BL_0_J000_003.png,straight,td_h1_exc,54,1.3110187,1.3110187,17.483229
30,straight_high_BL_0_J000_003.png,straight,td_h1_exc,63,1.3012793,1.3012793,4.1373057
31,straight_high_BL_0_J000_003.png,straight,td_h1_exc,11,1.2886951,1.2886951,98.21971
32,straight_high_BL_0_J000_003.png,straight,td_h1_exc,1,1.2841269,1.2841269,6.3954587
33,straight_high_BL_0_J000_003.png,straight,td_h1_exc,90,1.2726007,1.2726007,10.22174
34,straight_high_BL_0_J000_003.png,straight,td_h1_exc,40,1.267702,1.267702,7.9983745
35,straight_high_BL_0_J000_003.png,straight,td_h1_exc,108,1.2603197,1.2603197,3.435362
36,straight_high_BL_0_J000_003.png,straight,td_h1_exc,57,1.2479783,1.2479783,7.886666
37,straight_high_BL_0_J000_003.png,straight,td_h1_exc,83,1.2477793,1.2477793,6.360713
38,straight_high_BL_0_J000_003.png,straight,td_h1_exc,26,1.2436048,1.2436048,11.430849
39,straight_high_BL_0_J000_003.png,straight,td_h1_exc,41,1.2098743,1.2098743,5.4513226
40,straight_high_BL_0_J000_003.png,straight,td_h1_exc,58,1.2020589,1.2020589,3.3326523
41,straight_high_BL_0_J000_003.png,straight,td_h1_exc,96,1.2003453,1.2003453,5.884879
42,straight_high_BL_0_J000_003.png,straight,td_h1_exc,37,1.1238755,1.1238755,7.1672835
43,straight_high_BL_0_J000_003.png,straight,td_h1_exc,48,1.0673196,1.0673196,11.224091
44,straight_high_BL_0_J000_003.png,straight,td_h1_exc,84,1.0619786,1.0619786,8.190583
45,straight_high_BL_0_J000_003.png,straight,td_h1_exc,2,1.0203745,1.0203745,6.1168623
46,straight_high_BL_0_J000_003.png,straight,td_h1_exc,35,0.9981472,0.9981472,28.380323
47,straight_high_BL_0_J000_003.png,straight,td_h1_exc,24,0.9794638,0.9794638,3.3142169
48,straight_high_BL_0_J000_003.png,straight,td_h1_exc,55,0.9760576,0.9760576,5.7451134
49,straight_high_BL_0_J000_003.png,straight,td_h1_exc,15,0.97271055,0.97271055,1.8884017
50,straight_high_BL_0_J000_003.png,straight,td_h1_exc,36,0.96138465,0.96138465,5.957862
51,straight_high_BL_0_J000_003.png,straight,td_h1_exc,50,0.9566459,0.9566459,6.850294
52,straight_high_BL_0_J000_003.png,straight,td_h1_exc,98,0.9500964,0.9500964,32.567966
53,straight_high_BL_0_J000_003.png,straight,td_h1_exc,47,0.93617976,0.93617976,4.460825
54,straight_high_BL_0_J000_003.png,straight,td_h1_exc,99,0.9348888,0.9348888,7.386066
55,straight_high_BL_0_J000_003.png,straight,td_h1_exc,113,0.91457856,0.91457856,62.52048
56,straight_high_BL_0_J000_003.png,straight,td_h1_exc,110,0.9096138,0.9096138,9.276118
57,straight_high_BL_0_J000_003.png,straight,td_h1_exc,17,0.90076673,0.90076673,4.7808113
58,straight_high_BL_0_J000_003.png,straight,td_h1_exc,43,0.8769221,0.8769221,3.7850363
59,straight_high_BL_0_J000_003.png,straight,td_h1_exc,88,0.86584234,0.86584234,2.8917162
60,straight_high_BL_0_J000_003.png,straight,td_h1_exc,86,0.83168024,0.83168024,18.920475
61,straight_high_BL_0_J000_003.png,straight,td_h1_exc,14,0.8154979,0.8154979,3.8731441
62,straight_high_BL_0_J000_003.png,straight,td_h1_exc,79,0.81380427,0.81380427,22.657057
63,straight_high_BL_0_J000_003.png,straight,td_h1_exc,95,0.81244874,0.81244874,3.6007495
64,straight_high_BL_0_J000_003.png,straight,td_h1_exc,53,0.8066935,0.8066935,7.9776015
65,straight_high_BL_0_J000_003.png,straight,td_h1_exc,91,0.790429,0.790429,2.2912068
66,straight_high_BL_0_J000_003.png,straight,td_h1_exc,60,0.7614346,0.7614346,3.4555364
67,straight_high_BL_0_J000_003.png,straight,td_h1_exc,114,0.757988,0.757988,3.5876286
68,straight_high_BL_0_J000_003.png,straight,td_h1_exc,123,0.75758773,0.75758773,4.044856
69,straight_high_BL_0_J000_003.png,straight,td_h1_exc,39,0.7495934,0.7495934,3.9910583
70,straight_high_BL_0_J000_003.png,straight,td_h1_exc,27,0.7482469,0.7482469,4.8703704
71,straight_high_BL_0_J000_003.png,straight,td_h1_exc,18,0.7388641,0.7388641,3.9226859
72,straight_high_BL_0_J000_003.png,straight,td_h1_exc,68,0.73170835,0.73170835,5.3594275
73,straight_high_BL_0_J000_003.png,straight,td_h1_exc,12,0.72960985,0.72960985,3.0463243
74,straight_high_BL_0_J000_003.png,straight,td_h1_exc,10,0.6939183,0.6939183,3.9623847
75,straight_high_BL_0_J000_003.png,straight,td_h1_exc,124,0.69359887,0.69359887,11.670055
76,straight_high_BL_0_J000_003.png,straight,td_h1_exc,75,0.68939555,0.68939555,2.0105176
77,straight_high_BL_0_J000_003.png,straight,td_h1_exc,52,0.6811379,0.6811379,1.4787855
78,straight_high_BL_0_J000_003.png,straight,td_h1_exc,71,0.67858696,0.67858696,3.905642
79,straight_high_BL_0_J000_003.png,straight,td_h1_exc,38,0.672021,0.672021,1.7490687
80,straight_high_BL_0_J000_003.png,straight,td_h1_exc,3,0.6555626,0.6555626,3.1440475
81,straight_high_BL_0_J000_003.png,straight,td_h1_exc,51,0.65309644,0.65309644,3.138022
82,straight_high_BL_0_J000_003.png,straight,td_h1_exc,81,0.6462001,0.6462001,3.439776
83,straight_high_BL_0_J000_003.png,straight,td_h1_exc,89,0.636699,0.636699,3.6207442
84,straight_high_BL_0_J000_003.png,straight,td_h1_exc,97,0.6359726,0.6359726,1.51747
85,straight_high_BL_0_J000_003.png,straight,td_h1_exc,100,0.6316862,0.6316862,3.4391527
86,straight_high_BL_0_J000_003.png,straight,td_h1_exc,107,0.62632495,0.62632495,1.6957734
87,straight_high_BL_0_J000_003.png,straight,td_h1_exc,16,0.62408525,0.62408525,1.866272
88,straight_high_BL_0_J000_003.png,straight,td_h1_exc,74,0.6195346,0.6195346,2.5777845
89,straight_high_BL_0_J000_003.png,straight,td_h1_exc,8,0.6063537,0.6063537,2.6046736
90,straight_high_BL_0_J000_003.png,straight,td_h1_exc,122,0.5999175,0.5999175,1.4432505
91,straight_high_BL_0_J000_003.png,straight,td_h1_exc,66,0.5869179,0.5869179,1.9330295
92,straight_high_BL_0_J000_003.png,straight,td_h1_exc,104,0.57297266,0.57297266,3.2362685
93,straight_high_BL_0_J000_003.png,straight,td_h1_exc,31,0.5673318,0.5673318,2.7146788
94,straight_high_BL_0_J000_003.png,straight,td_h1_exc,85,0.5656776,0.5656776,1.4300361
95,straight_high_BL_0_J000_003.png,straight,td_h1_exc,126,0.5600772,0.5600772,2.3810322
96,straight_high_BL_0_J000_003.png,straight,td_h1_exc,118,0.5573915,0.5573915,3.2233226
97,straight_high_BL_0_J000_003.png,straight,td_h1_exc,42,0.5491571,0.5491571,1.970675
98,straight_high_BL_0_J000_003.png,straight,td_h1_exc,87,0.5480156,0.5480156,1.6015053
99,straight_high_BL_0_J000_003.png,straight,td_h1_exc,101,0.543535,0.543535,2.8991148
100,straight_high_BL_0_J000_003.png,straight,td_h1_exc,77,0.54047793,0.54047793,1.5433187
101,straight_high_BL_0_J000_003.png,straight,td_h1_exc,117,0.5306082,0.5306082,0.8657604
102,straight_high_BL_0_J000_003.png,straight,td_h1_exc,56,0.51144606,0.51144606,2.0841773
103,straight_high_BL_0_J000_003.png,straight,td_h1_exc,34,0.5097316,0.5097316,1.2903471
104,straight_high_BL_0_J000_003.png,straight,td_h1_exc,46,0.50899935,0.50899935,2.0983136
105,straight_high_BL_0_J000_003.png,straight,td_h1_exc,106,0.4938507,0.4938507,3.5750277
106,straight_high_BL_0_J000_003.png,straight,td_h1_exc,111,0.49366197,0.49366197,3.697868
107,straight_high_BL_0_J000_003.png,straight,td_h1_exc,125,0.4834202,0.4834202,10.088833
108,straight_high_BL_0_J000_003.png,straight,td_h1_exc,76,0.48242268,0.48242268,8.108902
109,straight_high_BL_0_J000_003.png,straight,td_h1_exc,115,0.46193418,0.46193418,2.6356218
110,straight_high_BL_0_J000_003.png,straight,td_h1_exc,119,0.4406987,0.4406987,5.405215
111,straight_high_BL_0_J000_003.png,straight,td_h1_exc,67,0.42865697,0.42865697,0.88082945
112,straight_high_BL_0_J000_003.png,straight,td_h1_exc,112,0.4047804,0.4047804,2.4747176
113,straight_high_BL_0_J000_003.png,straight,td_h1_exc,127,0.3892279,0.3892279,1.5161036
114,straight_high_BL_0_J000_003.png,straight,td_h1_exc,69,0.3723605,0.3723605,3.7610786
115,straight_high_BL_0_J000_003.png,straight,td_h1_exc,9,0.35967773,0.35967773,1.0099621
116,straight_high_BL_0_J000_003.png,straight,td_h1_exc,33,0.35786557,0.35786557,1.3791429
117,straight_high_BL_0_J000_003.png,straight,td_h1_exc,109,0.3465569,0.3465569,0.89645714
118,straight_high_BL_0_J000_003.png,straight,td_h1_exc,116,0.34141788,0.34141788,2.5508063
119,straight_high_BL_0_J000_003.png,straight,td_h1_exc,30,0.3303389,0.3303389,1.3111793
120,straight_high_BL_0_J000_003.png,straight,td_h1_exc,19,0.31285435,0.31285435,1.5121682
121,straight_high_BL_0_J000_003.png,straight,td_h1_exc,120,0.29709533,0.29709533,0.74491155
122,straight_high_BL_0_J000_003.png,straight,td_h1_exc,59,0.26771092,0.26771092,1.0122163
123,straight_high_BL_0_J000_003.png,straight,td_h1_exc,73,0.25386432,0.25386432,0.50261086
124,straight_high_BL_0_J000_003.png,straight,td_h1_exc,103,0.24046476,0.24046476,0.41988572
125,straight_high_BL_0_J000_003.png,straight,td_h1_exc,5,0.22410803,0.22410803,2.2374392
126,straight_high_BL_0_J000_003.png,straight,td_h1_exc,70,0.20816612,0.20816612,1.5248071
127,straight_high_BL_0_J000_003.png,straight,td_h1_exc,32,0.20212546,0.20212546,0.5694547
128,straight_high_BL_0_J000_003.png,straight,td_h1_exc,44,0.1797777,0.1797777,3.2661304
