filename,contour_type,layer,channel,contour_mean_activation,background_mean_activation,contour_preference_ratio,activation_on_contour_pct,contour_area_pct,contour_enrichment,rank_contour_enrichment
C_high_BL_0_J000_000.png,C,h1_exc,13,13.090065,1.7523206,7.470131,11.15703,1.6533203125,6.748256798005228,1
C_high_BL_0_J000_000.png,C,h1_exc,36,8.207203,1.1766962,6.974785,10.494848,1.6533203125,6.347740427864228,2
C_high_BL_0_J000_000.png,C,h1_exc,99,6.2925224,1.2647971,4.975124,7.71822,1.6533203125,4.668315104387303,3
C_high_BL_0_J000_000.png,C,h1_exc,61,13.212419,2.6702228,4.9480586,7.6794567,1.6533203125,4.64486924058567,4
C_high_BL_0_J000_000.png,C,h1_exc,0,8.152739,1.7820529,4.574914,7.1416903,1.6533203125,4.31960471121072,5
C_high_BL_0_J000_000.png,C,h1_exc,76,3.781448,0.87992823,4.2974505,6.7377386,1.6533203125,4.075277196814331,6
C_high_BL_0_J000_000.png,C,h1_exc,29,18.860533,4.466174,4.222973,6.6287084,1.6533203125,4.0093309641026,7
C_high_BL_0_J000_000.png,C,h1_exc,72,16.256153,3.8545642,4.2173777,6.620508,1.6533203125,4.004371145670549,8
C_high_BL_0_J000_000.png,C,h1_exc,105,7.26807,1.9562413,3.7153242,5.878707,1.6533203125,3.5556974967673702,9
C_high_BL_0_J000_000.png,C,h1_exc,78,12.530227,3.4036021,3.6814604,5.828249,1.6533203125,3.5251783325618278,10
C_high_BL_0_J000_000.png,C,h1_exc,21,5.0790334,1.4079137,3.607489,5.717839,1.6533203125,3.4583974359818432,11
C_high_BL_0_J000_000.png,C,h1_exc,23,12.561214,3.5467863,3.5415764,5.6192374,1.6533203125,3.398759058647642,12
C_high_BL_0_J000_000.png,C,h1_exc,25,13.461281,4.072555,3.3053648,5.2641826,1.6533203125,3.1840064480889096,13
C_high_BL_0_J000_000.png,C,h1_exc,20,5.943449,1.8591229,3.1969104,5.100265,1.6533203125,3.084861993579305,14
C_high_BL_0_J000_000.png,C,h1_exc,118,2.9630847,0.9516457,3.1136427,4.9740305,1.6533203125,3.008509861639314,15
C_high_BL_0_J000_000.png,C,h1_exc,84,3.7787352,1.2152354,3.1094677,4.9676914,1.6533203125,3.0046757146232257,16
C_high_BL_0_J000_000.png,C,h1_exc,26,5.161625,1.7185397,3.0034947,4.806526,1.6533203125,2.9071959732606696,17
C_high_BL_0_J000_000.png,C,h1_exc,92,9.036217,3.0495696,2.963112,4.7449684,1.6533203125,2.869963158217116,18
C_high_BL_0_J000_000.png,C,h1_exc,7,12.115681,4.1783447,2.8996365,4.648047,1.6533203125,2.811340855799244,19
C_high_BL_0_J000_000.png,C,h1_exc,64,6.064267,2.177286,2.7852416,4.472876,1.6533203125,2.705389881838782,20
C_high_BL_0_J000_000.png,C,h1_exc,90,4.7569976,1.7232546,2.760473,4.4348636,1.6533203125,2.6823982666869415,21
C_high_BL_0_J000_000.png,C,h1_exc,57,3.8792565,1.4235551,2.7250483,4.3804455,1.6533203125,2.6494838421407474,22
C_high_BL_0_J000_000.png,C,h1_exc,62,5.814819,2.1744456,2.6741614,4.3021646,1.6533203125,2.6021361354166426,23
C_high_BL_0_J000_000.png,C,h1_exc,43,1.9442197,0.738751,2.6317658,4.23685,1.6533203125,2.562630923476763,24
C_high_BL_0_J000_000.png,C,h1_exc,80,9.597623,3.656181,2.6250403,4.226479,1.6533203125,2.556358254343852,25
C_high_BL_0_J000_000.png,C,h1_exc,6,5.9261007,2.284939,2.5935488,4.1778946,1.6533203125,2.5269722602621405,26
C_high_BL_0_J000_000.png,C,h1_exc,87,4.1626835,1.6920015,2.4602127,3.971636,1.6533203125,2.402218132112765,27
C_high_BL_0_J000_000.png,C,h1_exc,53,3.5205765,1.4734148,2.3893995,3.8617342,1.6533203125,2.335744682555434,28
C_high_BL_0_J000_000.png,C,h1_exc,58,5.0174813,2.1323533,2.3530254,3.8051832,1.6533203125,2.30154019184383,29
C_high_BL_0_J000_000.png,C,h1_exc,48,4.3166323,1.8380048,2.3485425,3.7982087,1.6533203125,2.2973217360494242,30
C_high_BL_0_J000_000.png,C,h1_exc,121,5.0274267,2.200217,2.2849686,3.6991975,1.6533203125,2.2374354687377647,31
C_high_BL_0_J000_000.png,C,h1_exc,28,7.1159105,3.1402829,2.2660093,3.6696293,1.6533203125,2.2195513388806374,32
C_high_BL_0_J000_000.png,C,h1_exc,51,1.5440812,0.6919334,2.231546,3.6158369,1.6533203125,2.1870153106700165,33
C_high_BL_0_J000_000.png,C,h1_exc,22,5.0265026,2.2594824,2.2246258,3.6050277,1.6533203125,2.1804774468491797,34
C_high_BL_0_J000_000.png,C,h1_exc,74,1.4977573,0.68305,2.1927493,3.5552087,1.6533203125,2.150344754510762,35
C_high_BL_0_J000_000.png,C,h1_exc,123,2.4134479,1.1379427,2.120887,3.4427056,1.6533203125,2.0822980183600226,36
C_high_BL_0_J000_000.png,C,h1_exc,45,6.598756,3.1464374,2.097215,3.405589,1.6533203125,2.059848329057681,37
C_high_BL_0_J000_000.png,C,h1_exc,41,2.5968711,1.2430372,2.0891337,3.3929121,1.6533203125,2.052180756055106,38
C_high_BL_0_J000_000.png,C,h1_exc,16,2.9911313,1.4415946,2.0748768,3.3705378,1.6533203125,2.0386477514393073,39
C_high_BL_0_J000_000.png,C,h1_exc,1,5.482625,2.6596317,2.0614226,3.3494136,1.6533203125,2.0258709626709726,40
C_high_BL_0_J000_000.png,C,h1_exc,97,2.2559488,1.1024568,2.0462923,3.3256478,1.6533203125,2.0114963723027333,41
C_high_BL_0_J000_000.png,C,h1_exc,2,2.059445,1.0196774,2.0197024,3.2838528,1.6533203125,1.9862169302210655,42
C_high_BL_0_J000_000.png,C,h1_exc,75,1.8625323,0.94213426,1.9769287,3.2165442,1.6533203125,1.945505724167467,43
C_high_BL_0_J000_000.png,C,h1_exc,69,1.4210713,0.7232446,1.9648557,3.1975284,1.6533203125,1.934004148354724,44
C_high_BL_0_J000_000.png,C,h1_exc,54,2.8235505,1.4384793,1.9628718,3.1944032,1.6533203125,1.9321138971479055,45
C_high_BL_0_J000_000.png,C,h1_exc,89,2.5442505,1.3062514,1.9477495,3.1705728,1.6533203125,1.917700226975192,46
C_high_BL_0_J000_000.png,C,h1_exc,77,2.0525377,1.0667716,1.9240648,3.1332269,1.6533203125,1.8951118115772623,47
C_high_BL_0_J000_000.png,C,h1_exc,40,3.7458532,2.0544984,1.8232446,2.9739292,1.6533203125,1.7987616351905233,48
C_high_BL_0_J000_000.png,C,h1_exc,94,4.746135,2.6437101,1.7952555,2.9296136,1.6533203125,1.7719576481166,49
C_high_BL_0_J000_000.png,C,h1_exc,102,6.712798,3.791677,1.7704035,2.8902307,1.6533203125,1.748137137333329,50
C_high_BL_0_J000_000.png,C,h1_exc,27,2.984056,1.7089522,1.7461319,2.8517365,1.6533203125,1.724854226221939,51
C_high_BL_0_J000_000.png,C,h1_exc,93,2.4762547,1.4183316,1.7458926,2.8513567,1.6533203125,1.7246245061904726,52
C_high_BL_0_J000_000.png,C,h1_exc,83,2.9769976,1.7064872,1.744518,2.8491762,1.6533203125,1.7233055988409485,53
C_high_BL_0_J000_000.png,C,h1_exc,120,1.1594594,0.6673982,1.7372826,2.8376942,1.6533203125,1.7163607859122656,54
C_high_BL_0_J000_000.png,C,h1_exc,60,2.799371,1.6715996,1.6746659,2.7382162,1.6533203125,1.656192163408132,55
C_high_BL_0_J000_000.png,C,h1_exc,18,2.2781913,1.3843533,1.645672,2.692085,1.6533203125,1.6282900482490756,56
C_high_BL_0_J000_000.png,C,h1_exc,65,3.9511695,2.421191,1.6319115,2.6701758,1.6533203125,1.6150383893843072,57
C_high_BL_0_J000_000.png,C,h1_exc,67,2.0454366,1.2552651,1.6294857,2.6663125,1.6533203125,1.612701676647407,58
C_high_BL_0_J000_000.png,C,h1_exc,12,2.0496693,1.2843889,1.5958322,2.6126842,1.6533203125,1.5802650063160582,59
C_high_BL_0_J000_000.png,C,h1_exc,14,2.2964709,1.4393891,1.5954483,2.6120725,1.6533203125,1.5798949739238781,60
C_high_BL_0_J000_000.png,C,h1_exc,79,1.9819483,1.2439933,1.5932146,2.6085105,1.6533203125,1.577740537470577,61
C_high_BL_0_J000_000.png,C,h1_exc,24,2.4028013,1.5672828,1.5331,2.5125604,1.6533203125,1.519705729973103,62
C_high_BL_0_J000_000.png,C,h1_exc,71,2.1268544,1.3888214,1.5314096,2.509859,1.6533203125,1.5180718768930561,63
C_high_BL_0_J000_000.png,C,h1_exc,110,1.3387134,0.89926577,1.4886738,2.4415288,1.6533203125,1.4767427484698195,64
C_high_BL_0_J000_000.png,C,h1_exc,19,1.9170631,1.2929225,1.4827363,2.4320278,1.6533203125,1.4709961425351445,65
C_high_BL_0_J000_000.png,C,h1_exc,47,2.6458306,1.8129383,1.4594157,2.3946922,1.6533203125,1.4484139279917994,66
C_high_BL_0_J000_000.png,C,h1_exc,109,1.6248581,1.1207458,1.4498008,2.379291,1.6533203125,1.4390986581408032,67
C_high_BL_0_J000_000.png,C,h1_exc,46,1.5697342,1.0881279,1.4426008,2.3677552,1.6533203125,1.4321212546740718,68
C_high_BL_0_J000_000.png,C,h1_exc,108,3.467875,2.416954,1.4348122,2.3552725,1.6533203125,1.4245712094967606,69
C_high_BL_0_J000_000.png,C,h1_exc,125,1.4813874,1.0502524,1.410506,2.3162975,1.6533203125,1.4009974350435832,70
C_high_BL_0_J000_000.png,C,h1_exc,115,0.777799,0.55197936,1.4091089,2.3140566,1.6533203125,1.3996420435961552,71
C_high_BL_0_J000_000.png,C,h1_exc,91,1.0047103,0.72466964,1.3864391,2.2776759,1.6533203125,1.377637373764689,72
C_high_BL_0_J000_000.png,C,h1_exc,37,3.1018825,2.2536051,1.376409,2.2615707,1.6533203125,1.3678962638302523,73
C_high_BL_0_J000_000.png,C,h1_exc,70,1.3524435,0.9837732,1.3747513,2.2589083,1.6533203125,1.3662859163152583,74
C_high_BL_0_J000_000.png,C,h1_exc,85,0.7835919,0.5772296,1.3575047,2.2312024,1.6533203125,1.3495281789036955,75
C_high_BL_0_J000_000.png,C,h1_exc,8,1.1627423,0.8841527,1.3150921,2.1630006,1.6533203125,1.3082767774716455,76
C_high_BL_0_J000_000.png,C,h1_exc,88,1.3013095,1.0200953,1.2756743,2.0995288,1.6533203125,1.2698862772977642,77
C_high_BL_0_J000_000.png,C,h1_exc,117,1.8062559,1.4173514,1.2743883,2.0974565,1.6533203125,1.2686328394361783,78
C_high_BL_0_J000_000.png,C,h1_exc,119,0.6655166,0.5254509,1.2665629,2.0848463,1.6533203125,1.2610056440913628,79
C_high_BL_0_J000_000.png,C,h1_exc,55,2.675831,2.1267366,1.2581863,2.0713434,1.6533203125,1.252838541779937,80
C_high_BL_0_J000_000.png,C,h1_exc,68,1.6889898,1.3707178,1.2321937,2.0294201,1.6533203125,1.2274815169130031,81
C_high_BL_0_J000_000.png,C,h1_exc,33,2.1839936,1.777383,1.2287693,2.023894,1.6533203125,1.2241391120860547,82
C_high_BL_0_J000_000.png,C,h1_exc,101,1.3024228,1.155477,1.1271732,1.8596681,1.6533203125,1.124808127218194,83
C_high_BL_0_J000_000.png,C,h1_exc,95,0.9756213,0.8990583,1.0851591,1.7915932,1.6533203125,1.0836334433358867,84
C_high_BL_0_J000_000.png,C,h1_exc,66,1.0100938,0.93112344,1.0848119,1.7910302,1.6533203125,1.083292901054463,85
C_high_BL_0_J000_000.png,C,h1_exc,82,2.364706,2.1855824,1.081957,1.7864009,1.6533203125,1.0804929267977348,86
C_high_BL_0_J000_000.png,C,h1_exc,63,2.165904,2.0120044,1.0764908,1.7775359,1.6533203125,1.0751309901561776,87
C_high_BL_0_J000_000.png,C,h1_exc,127,0.765059,0.7109427,1.0761191,1.7769333,1.6533203125,1.0747665096919394,88
C_high_BL_0_J000_000.png,C,h1_exc,10,0.91826713,0.87941444,1.0441802,1.7251043,1.6533203125,1.0434180893401648,89
C_high_BL_0_J000_000.png,C,h1_exc,122,0.68282646,0.6841349,0.99808747,1.6502106,1.6533203125,0.9981191161295838,90
C_high_BL_0_J000_000.png,C,h1_exc,3,1.0209619,1.0258583,0.99522704,1.6455588,1.6533203125,0.9953055144133618,91
C_high_BL_0_J000_000.png,C,h1_exc,32,0.75706977,0.76428515,0.9905593,1.6379676,1.6533203125,0.9907139979024446,92
C_high_BL_0_J000_000.png,C,h1_exc,114,0.9332123,0.9465686,0.98588973,1.6303716,1.6533203125,0.986119597273116,93
C_high_BL_0_J000_000.png,C,h1_exc,17,1.6588888,1.704412,0.973291,1.6098726,1.6533203125,0.9737209164285132,94
C_high_BL_0_J000_000.png,C,h1_exc,15,0.8647733,0.89158595,0.969927,1.6043978,1.6533203125,0.9704095158744871,95
C_high_BL_0_J000_000.png,C,h1_exc,111,1.2536798,1.2939025,0.9689136,1.602748,1.6533203125,0.9694116830071098,96
C_high_BL_0_J000_000.png,C,h1_exc,126,0.9147446,0.9565049,0.9563408,1.5822797,1.6533203125,0.9570315326233002,97
C_high_BL_0_J000_000.png,C,h1_exc,112,1.5315906,1.7001349,0.9008642,1.4918624,1.6533203125,0.9023432398215108,98
C_high_BL_0_J000_000.png,C,h1_exc,81,0.9537986,1.0825282,0.88108426,1.4595841,1.6533203125,0.8828199212652755,99
C_high_BL_0_J000_000.png,C,h1_exc,116,1.1229795,1.3259267,0.8469394,1.4038147,1.6533203125,0.8490881375612965,100
C_high_BL_0_J000_000.png,C,h1_exc,73,0.71732587,0.8694254,0.8250574,1.3680412,1.6533203125,0.8274507602095197,101
C_high_BL_0_J000_000.png,C,h1_exc,38,1.1818419,1.5560349,0.7595214,1.2607447,1.6533203125,0.7625531929521665,102
C_high_BL_0_J000_000.png,C,h1_exc,50,1.0900689,1.4566172,0.74835646,1.2424419,1.6533203125,0.7514828649448851,103
C_high_BL_0_J000_000.png,C,h1_exc,5,0.27334306,0.3718596,0.7350706,1.2206537,1.6533203125,0.7383043905848055,104
C_high_BL_0_J000_000.png,C,h1_exc,100,1.7596853,2.3986526,0.7336141,1.2182646,1.6533203125,0.7368593751577437,105
C_high_BL_0_J000_000.png,C,h1_exc,11,1.9048761,2.5981236,0.7331738,1.2175423,1.6533203125,0.7364225033213798,106
C_high_BL_0_J000_000.png,C,h1_exc,30,0.67269206,0.9191764,0.73184216,1.2153578,1.6533203125,0.7351012165741663,107
C_high_BL_0_J000_000.png,C,h1_exc,9,0.42392197,0.6239435,0.67942363,1.1292905,1.6533203125,0.6830439607931585,108
C_high_BL_0_J000_000.png,C,h1_exc,104,0.9223172,1.369339,0.67354923,1.1196356,1.6533203125,0.6772042699367562,109
C_high_BL_0_J000_000.png,C,h1_exc,42,0.7997764,1.2194664,0.65584123,1.0905209,1.6533203125,0.6595944197405512,110
C_high_BL_0_J000_000.png,C,h1_exc,52,2.1398048,3.280831,0.6522143,1.0845551,1.6533203125,0.6559860991960734,111
C_high_BL_0_J000_000.png,C,h1_exc,44,0.40866336,0.63174456,0.6468807,1.0757816,1.6533203125,0.6506794655250545,112
C_high_BL_0_J000_000.png,C,h1_exc,35,0.9763527,1.6197076,0.60279566,1.0032024,1.6533203125,0.6067804433913575,113
C_high_BL_0_J000_000.png,C,h1_exc,34,0.7006682,1.1715875,0.5980503,0.9953836,1.6533203125,0.6020512823292572,114
C_high_BL_0_J000_000.png,C,h1_exc,4,0.9050165,1.5601007,0.5801013,0.965798,1.6533203125,0.5841566254399283,115
C_high_BL_0_J000_000.png,C,h1_exc,39,0.8122868,1.4197338,0.5721402,0.95267016,1.6533203125,0.5762163229900774,116
C_high_BL_0_J000_000.png,C,h1_exc,103,0.22444369,0.4079656,0.5501535,0.91639566,1.6533203125,0.5542759329477049,117
C_high_BL_0_J000_000.png,C,h1_exc,96,1.0643374,1.9844208,0.5363466,0.8936029,1.6533203125,0.5404898829927879,118
C_high_BL_0_J000_000.png,C,h1_exc,106,0.7045153,1.3376635,0.526676,0.87763196,1.6533203125,0.5308299609916317,119
C_high_BL_0_J000_000.png,C,h1_exc,56,0.3426351,0.6622163,0.5174066,0.8623192,1.6533203125,0.5215681194342063,120
C_high_BL_0_J000_000.png,C,h1_exc,31,0.75576925,1.5428895,0.48984018,0.8167517,1.6533203125,0.49400694312285526,121
C_high_BL_0_J000_000.png,C,h1_exc,49,1.0270019,2.1488273,0.47793597,0.797061,1.6533203125,0.4820971564004615,122
C_high_BL_0_J000_000.png,C,h1_exc,59,0.39601994,0.89927596,0.44037643,0.7348828,1.6533203125,0.4444890454486273,123
C_high_BL_0_J000_000.png,C,h1_exc,107,0.9843957,2.2461438,0.43826032,0.73137724,1.6533203125,0.442368749747021,124
C_high_BL_0_J000_000.png,C,h1_exc,98,1.4932598,3.5496776,0.42067477,0.70223624,1.6533203125,0.4247430008480732,125
C_high_BL_0_J000_000.png,C,h1_exc,86,0.96611637,2.3248289,0.4155645,0.6937648,1.6533203125,0.41961911212989533,126
C_high_BL_0_J000_000.png,C,h1_exc,113,0.7822423,2.1821532,0.35847268,0.5990237,1.6533203125,0.3623155728556267,127
C_high_BL_0_J000_000.png,C,h1_exc,124,0.4074636,1.2133868,0.33580688,0.5613607,1.6533203125,0.33953536358334047,128
C_high_BL_0_J000_000.png,C,td_h1_exc,72,9.2901945,1.3918023,6.674938,10.089194,1.6533203125,6.1023832831949765,1
C_high_BL_0_J000_000.png,C,td_h1_exc,61,9.918045,1.8040187,5.4977508,8.460408,1.6533203125,5.117222655293644,2
C_high_BL_0_J000_000.png,C,td_h1_exc,64,4.511774,0.88629574,5.0905967,7.8832383,1.6533203125,4.768125213426254,3
C_high_BL_0_J000_000.png,C,td_h1_exc,21,4.1702876,0.90276915,4.6194396,7.2061877,1.6533203125,4.3586155852548885,4
C_high_BL_0_J000_000.png,C,td_h1_exc,13,4.846542,1.0604511,4.5702643,7.1349487,1.6533203125,4.31552714460071,5
C_high_BL_0_J000_000.png,C,td_h1_exc,25,7.595147,1.6923301,4.487982,7.015505,1.6533203125,4.243282285690366,6
C_high_BL_0_J000_000.png,C,td_h1_exc,78,8.400451,1.9477904,4.3128104,6.7601924,1.6533203125,4.0888582220016785,7
C_high_BL_0_J000_000.png,C,td_h1_exc,48,3.5292726,0.8637986,4.0857587,6.4271693,1.6533203125,3.8874313921508876,8
C_high_BL_0_J000_000.png,C,td_h1_exc,0,5.552501,1.4340558,3.8718865,6.111295,1.6533203125,3.6963770057547842,9
C_high_BL_0_J000_000.png,C,td_h1_exc,23,9.338299,2.5387368,3.678325,5.823573,1.6533203125,3.5223501660476284,10
C_high_BL_0_J000_000.png,C,td_h1_exc,29,9.803015,2.709576,3.617915,5.7334156,1.6533203125,3.4678189855962986,11
C_high_BL_0_J000_000.png,C,td_h1_exc,7,8.529043,2.4434445,3.490582,5.5428123,1.6533203125,3.352533850809246,12
C_high_BL_0_J000_000.png,C,td_h1_exc,6,3.3963735,0.9884556,3.4360406,5.4609337,1.6533203125,3.303010076743755,13
C_high_BL_0_J000_000.png,C,td_h1_exc,26,3.5955124,1.0502862,3.4233644,5.4418836,1.6533203125,3.29148773527845,14
C_high_BL_0_J000_000.png,C,td_h1_exc,121,3.933899,1.2298757,3.198615,5.1028457,1.6533203125,3.086422878463544,15
C_high_BL_0_J000_000.png,C,td_h1_exc,53,1.9685858,0.66068995,2.9795911,4.7700977,1.6533203125,2.8851624622450895,16
C_high_BL_0_J000_000.png,C,td_h1_exc,92,6.1882734,2.0840163,2.9693978,4.754555,1.6533203125,2.875761678283196,17
C_high_BL_0_J000_000.png,C,td_h1_exc,80,5.37928,1.8396327,2.9241054,4.685432,1.6533203125,2.8339529209681467,18
C_high_BL_0_J000_000.png,C,td_h1_exc,90,2.9232783,1.0067408,2.9037051,4.6542645,1.6533203125,2.8151014577958424,19
C_high_BL_0_J000_000.png,C,td_h1_exc,105,4.294414,1.4850887,2.8916886,4.635897,1.6533203125,2.803992122087047,20
C_high_BL_0_J000_000.png,C,td_h1_exc,118,1.2345123,0.4300171,2.8708446,4.604018,1.6533203125,2.784710348447765,21
C_high_BL_0_J000_000.png,C,td_h1_exc,57,3.3535156,1.175085,2.8538494,4.5780115,1.6533203125,2.7689803666320976,22
C_high_BL_0_J000_000.png,C,td_h1_exc,93,1.7426028,0.61857057,2.8171449,4.5217934,1.6533203125,2.7349771873856077,23
C_high_BL_0_J000_000.png,C,td_h1_exc,69,0.91430676,0.33849484,2.701095,4.3436136,1.6533203125,2.627206334707565,24
C_high_BL_0_J000_000.png,C,td_h1_exc,84,2.292687,0.8646759,2.6514986,4.267261,1.6533203125,2.5810249654690223,25
C_high_BL_0_J000_000.png,C,td_h1_exc,45,3.3852866,1.3149986,2.5743651,4.148274,1.6533203125,2.509056405102488,26
C_high_BL_0_J000_000.png,C,td_h1_exc,20,3.2769136,1.3335732,2.4572432,3.967033,1.6533203125,2.399433948404339,27
C_high_BL_0_J000_000.png,C,td_h1_exc,22,3.3853934,1.463489,2.3132346,3.743245,1.6533203125,2.264077224151048,28
C_high_BL_0_J000_000.png,C,td_h1_exc,51,1.2018695,0.528366,2.274691,3.6831708,1.6533203125,2.2277418025511957,29
C_high_BL_0_J000_000.png,C,td_h1_exc,1,2.7923522,1.2346083,2.2617314,3.6629555,1.6533203125,2.21551472675207,30
C_high_BL_0_J000_000.png,C,td_h1_exc,43,1.2665124,0.58208495,2.1758206,3.5287297,1.6533203125,2.1343291007664473,31
C_high_BL_0_J000_000.png,C,td_h1_exc,18,1.210806,0.5649108,2.1433578,3.4779124,1.6533203125,2.103592618238607,32
C_high_BL_0_J000_000.png,C,td_h1_exc,76,0.8107012,0.38880113,2.0851307,3.3866308,1.6533203125,2.0483815068717948,33
C_high_BL_0_J000_000.png,C,td_h1_exc,65,2.0476127,0.9907601,2.0667088,3.357715,1.6533203125,2.030891924413344,34
C_high_BL_0_J000_000.png,C,td_h1_exc,62,3.882759,1.8814483,2.0637076,3.353002,1.6533203125,2.028041405981457,35
C_high_BL_0_J000_000.png,C,td_h1_exc,2,1.7943598,0.8712294,2.0595722,3.3465078,1.6533203125,2.0241133809110776,36
C_high_BL_0_J000_000.png,C,td_h1_exc,83,2.1617937,1.0527631,2.0534475,3.3368888,1.6533203125,2.0182953930457206,37
C_high_BL_0_J000_000.png,C,td_h1_exc,60,1.0696397,0.5402195,1.9800094,3.2213938,1.6533203125,1.9484390167977612,38
C_high_BL_0_J000_000.png,C,td_h1_exc,99,1.2939408,0.65398014,1.9785628,3.2191172,1.6533203125,1.9470619944622476,39
C_high_BL_0_J000_000.png,C,td_h1_exc,28,3.803862,1.9258579,1.975152,3.213746,1.6533203125,1.943813323483669,40
C_high_BL_0_J000_000.png,C,td_h1_exc,41,1.8454952,0.94959503,1.943455,3.1638033,1.6533203125,1.913605788272476,41
C_high_BL_0_J000_000.png,C,td_h1_exc,63,1.8824878,0.9789354,1.9229949,3.1315393,1.6533203125,1.894091122071475,42
C_high_BL_0_J000_000.png,C,td_h1_exc,94,2.2475784,1.1867301,1.8939254,3.0856607,1.6533203125,1.8663417209823012,43
C_high_BL_0_J000_000.png,C,td_h1_exc,40,1.9664149,1.0389565,1.8926826,3.0836985,1.6533203125,1.8651549062560182,44
C_high_BL_0_J000_000.png,C,td_h1_exc,54,2.0301692,1.1151756,1.8204929,2.9695742,1.6533203125,1.7961275698454098,45
C_high_BL_0_J000_000.png,C,td_h1_exc,75,0.8786431,0.4832382,1.8182402,2.9660084,1.6533203125,1.7939708260973797,46
C_high_BL_0_J000_000.png,C,td_h1_exc,24,0.9626658,0.5322884,1.8085419,2.9506552,1.6533203125,1.7846845416364179,47
C_high_BL_0_J000_000.png,C,td_h1_exc,58,1.9034017,1.0545582,1.8049282,2.944933,1.6533203125,1.7812234553368411,48
C_high_BL_0_J000_000.png,C,td_h1_exc,123,1.0944318,0.634219,1.725637,2.8192086,1.6533203125,1.7051799240668681,49
C_high_BL_0_J000_000.png,C,td_h1_exc,82,1.7013354,1.0162948,1.6740569,2.7372475,1.6533203125,1.65560625475286,50
C_high_BL_0_J000_000.png,C,td_h1_exc,108,1.8140084,1.0852629,1.6714921,2.7331686,1.6533203125,1.6531391798637654,51
C_high_BL_0_J000_000.png,C,td_h1_exc,91,0.90275407,0.5577427,1.6185851,2.6489482,1.6533203125,1.6021990152464454,52
C_high_BL_0_J000_000.png,C,td_h1_exc,87,0.56500304,0.3634195,1.5546855,2.5470347,1.6533203125,1.5405573292636994,53
C_high_BL_0_J000_000.png,C,td_h1_exc,46,0.60096645,0.40739155,1.4751569,2.4198968,1.6533203125,1.4636588010906728,54
C_high_BL_0_J000_000.png,C,td_h1_exc,3,0.71294284,0.4863648,1.4658602,2.405013,1.6533203125,1.4546564580873114,55
C_high_BL_0_J000_000.png,C,td_h1_exc,102,3.9692914,2.7273612,1.4553597,2.3881958,1.6533203125,1.444484605068135,56
C_high_BL_0_J000_000.png,C,td_h1_exc,85,0.514815,0.35477713,1.451094,2.3813634,1.6533203125,1.440352096002389,57
C_high_BL_0_J000_000.png,C,td_h1_exc,14,0.82091904,0.6044718,1.3580767,2.2321212,1.6533203125,1.3500839485215685,58
C_high_BL_0_J000_000.png,C,td_h1_exc,77,0.54165804,0.40373176,1.3416286,2.2056837,1.6533203125,1.334093386607433,59
C_high_BL_0_J000_000.png,C,td_h1_exc,19,0.29221264,0.21912986,1.3335135,2.1926348,1.6533203125,1.3262008523687705,60
C_high_BL_0_J000_000.png,C,td_h1_exc,47,1.0903583,0.82591856,1.3201765,2.1711814,1.6533203125,1.31322491522413,61
C_high_BL_0_J000_000.png,C,td_h1_exc,55,1.2004095,0.91208893,1.3161101,2.1646385,1.6533203125,1.3092674721459545,62
C_high_BL_0_J000_000.png,C,td_h1_exc,8,0.76538765,0.5946952,1.2870251,2.1178145,1.6533203125,1.2809462945817247,63
C_high_BL_0_J000_000.png,C,td_h1_exc,111,0.5094497,0.39686844,1.2836741,2.1124172,1.6533203125,1.2776817609518836,64
C_high_BL_0_J000_000.png,C,td_h1_exc,37,1.0555558,0.860823,1.226217,2.0197754,1.6533203125,1.221647954808225,65
C_high_BL_0_J000_000.png,C,td_h1_exc,117,0.38989314,0.32653046,1.1940483,1.967831,1.6533203125,1.1902297387908949,66
C_high_BL_0_J000_000.png,C,td_h1_exc,36,0.7961969,0.68085116,1.169414,1.9280154,1.6533203125,1.166147494261791,67
C_high_BL_0_J000_000.png,C,td_h1_exc,12,0.4704642,0.4051208,1.1612936,1.9148839,1.6533203125,1.1582049926716516,68
C_high_BL_0_J000_000.png,C,td_h1_exc,101,0.57295173,0.49525842,1.1568743,1.907736,1.6533203125,1.1538816270700323,69
C_high_BL_0_J000_000.png,C,td_h1_exc,15,0.61685944,0.53546107,1.1520154,1.8998758,1.6533203125,1.1491274462807133,70
C_high_BL_0_J000_000.png,C,td_h1_exc,115,0.4625076,0.40494117,1.1421599,1.8839285,1.6533203125,1.1394818727686538,71
C_high_BL_0_J000_000.png,C,td_h1_exc,89,0.5231049,0.45828024,1.1414521,1.8827823,1.6533203125,1.138788602805518,72
C_high_BL_0_J000_000.png,C,td_h1_exc,17,0.60846007,0.5409973,1.1247007,1.8556644,1.6533203125,1.1223864771940786,73
C_high_BL_0_J000_000.png,C,td_h1_exc,88,0.91394305,0.819778,1.1148665,1.8397373,1.6533203125,1.1127530890823072,74
C_high_BL_0_J000_000.png,C,td_h1_exc,125,0.4609965,0.42776832,1.077678,1.7794615,1.6533203125,1.0762956692736532,75
C_high_BL_0_J000_000.png,C,td_h1_exc,97,0.50318414,0.470216,1.0701127,1.767191,1.6533203125,1.0688739673656487,76
C_high_BL_0_J000_000.png,C,td_h1_exc,32,0.15702799,0.14929175,1.0518194,1.7375062,1.6533203125,1.0509192487104029,77
C_high_BL_0_J000_000.png,C,td_h1_exc,10,0.5626301,0.5557542,1.0123723,1.6734334,1.6533203125,1.012165277513727,78
C_high_BL_0_J000_000.png,C,td_h1_exc,52,0.47600818,0.47316337,1.0060123,1.6630954,1.6533203125,1.0059123645919343,79
C_high_BL_0_J000_000.png,C,td_h1_exc,120,0.24183081,0.24421968,0.99021834,1.6374127,1.6533203125,0.9903783586223203,80
C_high_BL_0_J000_000.png,C,td_h1_exc,50,0.8511233,0.8748469,0.97288257,1.6092079,1.6533203125,0.9733188703219668,81
C_high_BL_0_J000_000.png,C,td_h1_exc,79,0.50476074,0.52248275,0.96608114,1.5981379,1.6533203125,0.9666232452240272,82
C_high_BL_0_J000_000.png,C,td_h1_exc,127,0.21789321,0.24947098,0.873421,1.447073,1.6533203125,0.8752526434804566,83
C_high_BL_0_J000_000.png,C,td_h1_exc,67,0.20968385,0.24941872,0.8406901,1.3936006,1.6533203125,0.8429102117181997,84
C_high_BL_0_J000_000.png,C,td_h1_exc,34,0.30406207,0.36429358,0.8346622,1.3837466,1.6533203125,0.8369501089181223,85
C_high_BL_0_J000_000.png,C,td_h1_exc,103,0.16446643,0.21005003,0.7829869,1.2991897,1.6533203125,0.7858063976439191,86
C_high_BL_0_J000_000.png,C,td_h1_exc,71,0.3723878,0.48031875,0.77529305,1.2865875,1.6533203125,0.7781840331974428,87
C_high_BL_0_J000_000.png,C,td_h1_exc,114,0.4235259,0.55931634,0.7572207,1.2569736,1.6533203125,0.7602722879065265,88
C_high_BL_0_J000_000.png,C,td_h1_exc,38,0.34782222,0.4670325,0.7447495,1.2365278,1.6533203125,0.7479057649822106,89
C_high_BL_0_J000_000.png,C,td_h1_exc,104,0.3003409,0.41432428,0.7248933,1.203957,1.6533203125,0.7282055057614372,90
C_high_BL_0_J000_000.png,C,td_h1_exc,74,0.28426963,0.40850475,0.6958784,1.1563238,1.6533203125,0.6993948933027961,91
C_high_BL_0_J000_000.png,C,td_h1_exc,5,0.15216708,0.21903981,0.69470054,1.1543894,1.6533203125,0.6982248785662595,92
C_high_BL_0_J000_000.png,C,td_h1_exc,106,0.30022353,0.43932155,0.68337995,1.1357915,1.6533203125,0.6869760957322739,93
C_high_BL_0_J000_000.png,C,td_h1_exc,110,0.41335657,0.63438785,0.6515834,1.0835176,1.6533203125,0.6553585150297572,94
C_high_BL_0_J000_000.png,C,td_h1_exc,100,0.38969848,0.60966384,0.63920224,1.0631478,1.6533203125,0.6430379937941028,95
C_high_BL_0_J000_000.png,C,td_h1_exc,73,0.1107737,0.17963001,0.6166769,1.0260673,1.6533203125,0.6206100795857665,96
C_high_BL_0_J000_000.png,C,td_h1_exc,126,0.27484646,0.45616275,0.60251844,1.0027457,1.6533203125,0.6065042169505076,97
C_high_BL_0_J000_000.png,C,td_h1_exc,31,0.24740833,0.4162107,0.59443045,0.9894182,1.6533203125,0.5984431420421802,98
C_high_BL_0_J000_000.png,C,td_h1_exc,122,0.3158747,0.53419304,0.5913119,0.9842785,1.6533203125,0.5953344229095138,99
C_high_BL_0_J000_000.png,C,td_h1_exc,96,0.6409703,1.1031566,0.58103293,0.9673341,1.6533203125,0.5850857081346743,100
C_high_BL_0_J000_000.png,C,td_h1_exc,42,0.25174385,0.43338826,0.5808737,0.96707165,1.6533203125,0.584926973467608,101
C_high_BL_0_J000_000.png,C,td_h1_exc,95,0.35199967,0.6077862,0.5791505,0.9642304,1.6533203125,0.5832084715121871,102
C_high_BL_0_J000_000.png,C,td_h1_exc,107,0.2556306,0.4678022,0.5464502,0.910283,1.6533203125,0.5505787455046766,103
C_high_BL_0_J000_000.png,C,td_h1_exc,27,0.3469988,0.67419803,0.5146838,0.8578202,1.6533203125,0.5188469537130691,104
C_high_BL_0_J000_000.png,C,td_h1_exc,9,0.15148619,0.30343106,0.49924415,0.8323013,1.6533203125,0.5034120172108858,105
C_high_BL_0_J000_000.png,C,td_h1_exc,16,0.26552224,0.5362655,0.49513206,0.8255022,1.6533203125,0.49929962487105917,106
C_high_BL_0_J000_000.png,C,td_h1_exc,116,0.12868896,0.26015,0.49467218,0.82474196,1.6533203125,0.4988397882418447,107
C_high_BL_0_J000_000.png,C,td_h1_exc,81,0.24966647,0.52878773,0.47214875,0.78748566,1.6533203125,0.476305558218569,108
C_high_BL_0_J000_000.png,C,td_h1_exc,39,0.24654661,0.55655587,0.44298628,0.73920566,1.6533203125,0.44710371509742425,109
C_high_BL_0_J000_000.png,C,td_h1_exc,86,0.3152275,0.7229926,0.43600377,0.72763884,1.6533203125,0.44010760091249895,110
C_high_BL_0_J000_000.png,C,td_h1_exc,30,0.10196359,0.2370435,0.43014714,0.71793514,1.6533203125,0.43423838389386016,111
C_high_BL_0_J000_000.png,C,td_h1_exc,109,0.1237898,0.28866848,0.42883033,0.7157529,1.6533203125,0.432918467102892,112
C_high_BL_0_J000_000.png,C,td_h1_exc,59,0.10036169,0.23507972,0.42692617,0.7125974,1.6533203125,0.4310099017441612,113
C_high_BL_0_J000_000.png,C,td_h1_exc,4,0.5663189,1.3876151,0.40812394,0.6814279,1.6533203125,0.4121572128215321,114
C_high_BL_0_J000_000.png,C,td_h1_exc,33,0.12178017,0.32074225,0.37968236,0.6342412,1.6533203125,0.3836166620006367,115
C_high_BL_0_J000_000.png,C,td_h1_exc,49,0.36360854,1.0194696,0.35666442,0.59602004,1.6533203125,0.3604988306168182,116
C_high_BL_0_J000_000.png,C,td_h1_exc,66,0.17805183,0.5007827,0.35554707,0.59416395,1.6533203125,0.35937618752518846,117
C_high_BL_0_J000_000.png,C,td_h1_exc,56,0.16837901,0.48323578,0.3484407,0.58235735,1.6533203125,0.3522350382356509,118
C_high_BL_0_J000_000.png,C,td_h1_exc,44,0.06428071,0.18590477,0.34577224,0.5779233,1.6533203125,0.34955313257638865,119
C_high_BL_0_J000_000.png,C,td_h1_exc,124,0.23371497,0.6857746,0.34080434,0.56966734,1.6533203125,0.344559569958925,120
C_high_BL_0_J000_000.png,C,td_h1_exc,35,0.33670947,1.0036361,0.3354896,0.5608333,1.6533203125,0.33921634403556167,121
C_high_BL_0_J000_000.png,C,td_h1_exc,119,0.12634543,0.3988211,0.31679726,0.5297511,1.6533203125,0.32041650658282117,122
C_high_BL_0_J000_000.png,C,td_h1_exc,112,0.11020737,0.37063116,0.29735053,0.49739388,1.6533203125,0.30084543784113754,123
C_high_BL_0_J000_000.png,C,td_h1_exc,68,0.19510157,0.6728381,0.28996807,0.48510486,1.6533203125,0.29341250589706863,124
C_high_BL_0_J000_000.png,C,td_h1_exc,70,0.056021936,0.20713842,0.2704565,0.45261058,1.6533203125,0.27375855480253797,125
C_high_BL_0_J000_000.png,C,td_h1_exc,113,0.22245276,0.9969974,0.2231227,0.3736931,1.6533203125,0.22602583629625395,126
C_high_BL_0_J000_000.png,C,td_h1_exc,98,0.15876123,0.85425895,0.18584673,0.31145653,1.6533203125,0.18838244897110049,127
C_high_BL_0_J000_000.png,C,td_h1_exc,11,0.21545425,1.3885391,0.15516613,0.26017335,1.6533203125,0.1573641520229883,128
straight_high_BL_0_J000_000.png,straight,h1_exc,99,3.8771803,1.3172889,2.943303,2.3960342,0.8271484375000001,2.896740298509302,1
straight_high_BL_0_J000_000.png,straight,h1_exc,84,3.6777527,1.2541492,2.9324682,2.3874254,0.8271484375000001,2.8863324713771608,2
straight_high_BL_0_J000_000.png,straight,h1_exc,61,7.392915,2.7307332,2.7073004,2.2081559,0.8271484375000001,2.669600453354682,3
straight_high_BL_0_J000_000.png,straight,h1_exc,13,4.7875915,1.8478478,2.5909014,2.1152256,0.8271484375000001,2.557250225042069,4
straight_high_BL_0_J000_000.png,straight,h1_exc,7,11.141887,4.323046,2.577323,2.1043732,0.8271484375000001,2.5441300446000388,5
straight_high_BL_0_J000_000.png,straight,h1_exc,72,10.119224,3.992416,2.5346115,2.0702217,0.8271484375000001,2.5028417435569956,6
straight_high_BL_0_J000_000.png,straight,h1_exc,62,5.166372,2.0654278,2.5013568,2.0436144,0.8271484375000001,2.470674270971423,7
straight_high_BL_0_J000_000.png,straight,h1_exc,94,6.361403,2.6331084,2.415929,1.9751987,0.8271484375000001,2.3879616188574646,8
straight_high_BL_0_J000_000.png,straight,h1_exc,25,10.461374,4.345165,2.4075897,1.9685152,0.8271484375000001,2.3798813425199405,9
straight_high_BL_0_J000_000.png,straight,h1_exc,20,4.66015,1.9384612,2.404046,1.9656746,0.8271484375000001,2.3764472322825325,10
straight_high_BL_0_J000_000.png,straight,h1_exc,0,4.439494,1.8584154,2.38886,1.9535002,0.8271484375000001,2.361728608133809,11
straight_high_BL_0_J000_000.png,straight,h1_exc,57,3.480735,1.4800605,2.351752,1.9237385,0.8271484375000001,2.32574755526487,12
straight_high_BL_0_J000_000.png,straight,h1_exc,29,11.234739,4.8367085,2.3228068,1.9005113,0.8271484375000001,2.297666483622367,13
straight_high_BL_0_J000_000.png,straight,h1_exc,105,4.512535,1.9987514,2.257677,1.8482074,0.8271484375000001,2.234432477183115,14
straight_high_BL_0_J000_000.png,straight,h1_exc,78,8.368777,3.7916934,2.2071345,1.8075795,0.8271484375000001,2.1853145258602464,15
straight_high_BL_0_J000_000.png,straight,h1_exc,53,3.0732477,1.4139738,2.1734827,1.7805105,0.8271484375000001,2.1525888734463425,16
straight_high_BL_0_J000_000.png,straight,h1_exc,28,6.63566,3.07675,2.1567109,1.767014,0.8271484375000001,2.1362719497117175,17
straight_high_BL_0_J000_000.png,straight,h1_exc,41,2.649417,1.2951556,2.045636,1.6775355,0.8271484375000001,2.0280948830591004,18
straight_high_BL_0_J000_000.png,straight,h1_exc,118,1.846311,0.9602983,1.9226432,1.5782669,0.8271484375000001,1.9080817522232794,19
straight_high_BL_0_J000_000.png,straight,h1_exc,23,7.282695,3.8279846,1.902488,1.56198,0.8271484375000001,1.8883913931047778,20
straight_high_BL_0_J000_000.png,straight,h1_exc,1,4.92697,2.7019293,1.8235006,1.4981012,0.8271484375000001,1.8111636901017516,21
straight_high_BL_0_J000_000.png,straight,h1_exc,58,3.9568336,2.2154727,1.7859997,1.4677447,0.8271484375000001,1.7744634744795529,22
straight_high_BL_0_J000_000.png,straight,h1_exc,123,2.1868706,1.2453163,1.7560765,1.4435083,0.8271484375000001,1.745162276209977,23
straight_high_BL_0_J000_000.png,straight,h1_exc,21,2.4159002,1.426484,1.6936048,1.3928715,0.8271484375000001,1.6839437990501507,24
straight_high_BL_0_J000_000.png,straight,h1_exc,24,2.6904554,1.5913846,1.6906381,1.3904655,0.8271484375000001,1.6810350091004442,25
straight_high_BL_0_J000_000.png,straight,h1_exc,40,3.4811022,2.096947,1.6600811,1.3656775,0.8271484375000001,1.6510669639251907,26
straight_high_BL_0_J000_000.png,straight,h1_exc,90,2.8886511,1.7409439,1.6592442,1.3649979,0.8271484375000001,1.6502453312886511,27
straight_high_BL_0_J000_000.png,straight,h1_exc,80,6.0960445,3.719369,1.6389997,1.3485682,0.8271484375000001,1.6303823154610506,28
straight_high_BL_0_J000_000.png,straight,h1_exc,12,2.2960742,1.4077585,1.6310142,1.3420861,0.8271484375000001,1.622545603262406,29
straight_high_BL_0_J000_000.png,straight,h1_exc,6,3.9514694,2.424073,1.6300951,1.3413397,0.8271484375000001,1.621643262982214,30
straight_high_BL_0_J000_000.png,straight,h1_exc,110,1.657479,1.0170684,1.6296633,1.340989,0.8271484375000001,1.6212192596114545,31
straight_high_BL_0_J000_000.png,straight,h1_exc,47,2.8947976,1.8000135,1.6082088,1.3235687,0.8271484375000001,1.6001586000003698,32
straight_high_BL_0_J000_000.png,straight,h1_exc,92,4.639176,2.9964008,1.5482495,1.2748508,0.8271484375000001,1.5412600352331725,33
straight_high_BL_0_J000_000.png,straight,h1_exc,37,3.521708,2.3137739,1.5220623,1.2535583,0.8271484375000001,1.5155178999278736,34
straight_high_BL_0_J000_000.png,straight,h1_exc,74,0.96663684,0.65794486,1.469176,1.2105292,0.8271484375000001,1.463496923486988,35
straight_high_BL_0_J000_000.png,straight,h1_exc,77,1.6062539,1.1002705,1.4598718,1.2029548,0.8271484375000001,1.4543396324690814,36
straight_high_BL_0_J000_000.png,straight,h1_exc,22,3.2600977,2.2842913,1.4271812,1.1763341,0.8271484375000001,1.4221560183547781,37
straight_high_BL_0_J000_000.png,straight,h1_exc,83,2.4540837,1.7230116,1.424299,1.1739866,0.8271484375000001,1.4193178475932675,38
straight_high_BL_0_J000_000.png,straight,h1_exc,45,4.5738635,3.2253373,1.4181039,1.1689397,0.8271484375000001,1.4132163497331485,39
straight_high_BL_0_J000_000.png,straight,h1_exc,93,2.0436199,1.4591236,1.4005804,1.154662,0.8271484375000001,1.3959550024469989,40
straight_high_BL_0_J000_000.png,straight,h1_exc,46,1.5843614,1.1587615,1.3672886,1.1275252,0.8271484375000001,1.3631473453023122,41
straight_high_BL_0_J000_000.png,straight,h1_exc,65,3.3814495,2.4815671,1.3626267,1.1237239,0.8271484375000001,1.358551621479479,42
straight_high_BL_0_J000_000.png,straight,h1_exc,79,1.7174333,1.2640818,1.3586409,1.1204736,0.8271484375000001,1.3546221680791544,43
straight_high_BL_0_J000_000.png,straight,h1_exc,54,1.9730624,1.4548148,1.3562293,1.1185073,0.8271484375000001,1.3522448956112154,44
straight_high_BL_0_J000_000.png,straight,h1_exc,63,2.7228618,2.0148191,1.3514174,1.1145829,0.8271484375000001,1.3475004391307943,45
straight_high_BL_0_J000_000.png,straight,h1_exc,66,1.3126115,0.9737155,1.3480442,1.1118319,0.8271484375000001,1.3441745636083557,46
straight_high_BL_0_J000_000.png,straight,h1_exc,108,3.3111348,2.4612737,1.3452933,1.1095881,0.8271484375000001,1.3414619220568829,47
straight_high_BL_0_J000_000.png,straight,h1_exc,64,3.061727,2.2939181,1.334715,1.1009594,0.8271484375000001,1.3310300267524378,48
straight_high_BL_0_J000_000.png,straight,h1_exc,33,2.3276944,1.7534606,1.3274859,1.0950618,0.8271484375000001,1.323899938798128,49
straight_high_BL_0_J000_000.png,straight,h1_exc,89,1.8444319,1.4019696,1.3156005,1.0853635,0.8271484375000001,1.3121749917457384,50
straight_high_BL_0_J000_000.png,straight,h1_exc,87,2.2685986,1.7380797,1.3052328,1.0769024,0.8271484375000001,1.3019457302751778,51
straight_high_BL_0_J000_000.png,straight,h1_exc,43,1.059292,0.813953,1.3014166,1.0737877,0.8271484375000001,1.2981801422156258,52
straight_high_BL_0_J000_000.png,straight,h1_exc,102,4.997291,3.8441076,1.2999873,1.072621,0.8271484375000001,1.2967696320220086,53
straight_high_BL_0_J000_000.png,straight,h1_exc,125,1.2851422,0.9908912,1.2969558,1.0701464,0.8271484375000001,1.293777972616766,54
straight_high_BL_0_J000_000.png,straight,h1_exc,26,2.2308114,1.7327943,1.2874069,1.0623513,0.8271484375000001,1.28435391401243,55
straight_high_BL_0_J000_000.png,straight,h1_exc,8,1.1334931,0.8819791,1.28517,1.0605248,0.8271484375000001,1.2821456952337844,56
straight_high_BL_0_J000_000.png,straight,h1_exc,60,2.3145092,1.805801,1.2817078,1.057698,0.8271484375000001,1.2787281588874835,57
straight_high_BL_0_J000_000.png,straight,h1_exc,85,0.8652489,0.6774082,1.2772932,1.0540935,0.8271484375000001,1.2743703784926323,58
straight_high_BL_0_J000_000.png,straight,h1_exc,10,1.265077,1.0106823,1.2517059,1.0331955,0.8271484375000001,1.249105283009636,59
straight_high_BL_0_J000_000.png,straight,h1_exc,117,1.6828061,1.3495303,1.2469568,1.0293158,0.8271484375000001,1.2444148718263035,60
straight_high_BL_0_J000_000.png,straight,h1_exc,121,2.7990258,2.2907162,1.2218999,1.0088409,0.8271484375000001,1.219661261034954,61
straight_high_BL_0_J000_000.png,straight,h1_exc,111,1.6307433,1.3398738,1.2170873,1.0049074,0.8271484375000001,1.2149057072535305,62
straight_high_BL_0_J000_000.png,straight,h1_exc,112,2.075993,1.7064128,1.2165831,1.0044951,0.8271484375000001,1.2144073375539772,63
straight_high_BL_0_J000_000.png,straight,h1_exc,69,0.91193044,0.7613946,1.1977106,0.989067,0.8271484375000001,1.1957551525623504,64
straight_high_BL_0_J000_000.png,straight,h1_exc,18,1.7531158,1.4680481,1.1941814,0.9861813,0.8271484375000001,1.1922664205446847,65
straight_high_BL_0_J000_000.png,straight,h1_exc,2,1.129142,0.9759282,1.1569929,0.95576376,0.8271484375000001,1.1554924150768608,66
straight_high_BL_0_J000_000.png,straight,h1_exc,15,1.061434,0.92988193,1.1414719,0.9430631,0.8271484375000001,1.1401376417512061,67
straight_high_BL_0_J000_000.png,straight,h1_exc,71,1.5864439,1.3948808,1.137333,0.93967587,0.8271484375000001,1.136042593560602,68
straight_high_BL_0_J000_000.png,straight,h1_exc,120,0.7620798,0.6766294,1.1262883,0.93063533,0.8271484375000001,1.1251128329793765,69
straight_high_BL_0_J000_000.png,straight,h1_exc,70,1.0471259,0.9411113,1.1126484,0.9194686,0.8271484375000001,1.1116125339478231,70
straight_high_BL_0_J000_000.png,straight,h1_exc,36,1.3394129,1.2053267,1.1112448,0.91831946,0.8271484375000001,1.1102232815710606,71
straight_high_BL_0_J000_000.png,straight,h1_exc,9,0.7468612,0.6741548,1.1078482,0.91553813,0.8271484375000001,1.106860727306998,72
straight_high_BL_0_J000_000.png,straight,h1_exc,14,1.6050612,1.4603877,1.0990651,0.90834576,0.8271484375000001,1.0981653434282088,73
straight_high_BL_0_J000_000.png,straight,h1_exc,114,1.0638777,0.9709054,1.0957583,0.90563744,0.8271484375000001,1.0948910631493909,74
straight_high_BL_0_J000_000.png,straight,h1_exc,88,1.1438129,1.0499579,1.0893893,0.900421,0.8271484375000001,1.0885845534623158,75
straight_high_BL_0_J000_000.png,straight,h1_exc,16,1.8471581,1.7062019,1.082614,0.894871,0.8271484375000001,1.0818747217381672,76
straight_high_BL_0_J000_000.png,straight,h1_exc,75,1.1724839,1.0890826,1.0765795,0.88992715,0.8271484375000001,1.0758977442425406,77
straight_high_BL_0_J000_000.png,straight,h1_exc,68,1.5836531,1.509443,1.0491638,0.8674614,0.8271484375000001,1.0487372441604477,78
straight_high_BL_0_J000_000.png,straight,h1_exc,55,2.1407754,2.0536408,1.0424293,0.8619413,0.8271484375000001,1.0420635867551504,79
straight_high_BL_0_J000_000.png,straight,h1_exc,97,1.1865338,1.1436571,1.0374908,0.8578928,0.8271484375000001,1.0371691005300112,80
straight_high_BL_0_J000_000.png,straight,h1_exc,76,0.93268,0.9080343,1.0271418,0.84940803,0.8271484375000001,1.0269112310821917,81
straight_high_BL_0_J000_000.png,straight,h1_exc,32,0.8025961,0.82830954,0.9689567,0.8016769,0.8271484375000001,0.9692056261727308,82
straight_high_BL_0_J000_000.png,straight,h1_exc,48,1.7602334,1.8609068,0.94590086,0.78275067,0.8271484375000001,0.946324288593324,83
straight_high_BL_0_J000_000.png,straight,h1_exc,52,2.9235785,3.1003122,0.94299483,0.78036475,0.8271484375000001,0.9434397829971092,84
straight_high_BL_0_J000_000.png,straight,h1_exc,91,0.66145414,0.70844555,0.9336697,0.77270734,0.8271484375000001,0.9341821839078062,85
straight_high_BL_0_J000_000.png,straight,h1_exc,30,0.96608,1.0721295,0.9010852,0.7459415,0.8271484375000001,0.9018230306685591,86
straight_high_BL_0_J000_000.png,straight,h1_exc,81,0.9272947,1.0482005,0.8846539,0.7324389,0.8271484375000001,0.8854987567735302,87
straight_high_BL_0_J000_000.png,straight,h1_exc,127,0.7797683,0.8865776,0.87952626,0.72822446,0.8271484375000001,0.8804035823452018,88
straight_high_BL_0_J000_000.png,straight,h1_exc,34,1.0379709,1.1914912,0.87115276,0.72134143,0.8271484375000001,0.8720821919222662,89
straight_high_BL_0_J000_000.png,straight,h1_exc,101,0.97883666,1.1265233,0.86890054,0.7194899,0.8271484375000001,0.869843707777251,90
straight_high_BL_0_J000_000.png,straight,h1_exc,122,0.571666,0.6609022,0.8649782,0.7162652,0.8271484375000001,0.8659451682868611,91
straight_high_BL_0_J000_000.png,straight,h1_exc,67,1.0498086,1.2139889,0.8647597,0.7160856,0.8271484375000001,0.865728050313357,92
straight_high_BL_0_J000_000.png,straight,h1_exc,115,0.46999082,0.5437258,0.8643894,0.71578133,0.8271484375000001,0.8653601819911737,93
straight_high_BL_0_J000_000.png,straight,h1_exc,109,0.9406448,1.0930779,0.8605469,0.71262205,0.8271484375000001,0.8615406927553254,94
straight_high_BL_0_J000_000.png,straight,h1_exc,27,1.5406522,1.806975,0.852614,0.7060991,0.8271484375000001,0.8536546191853398,95
straight_high_BL_0_J000_000.png,straight,h1_exc,100,1.9116776,2.253128,0.84845495,0.702679,0.8271484375000001,0.8495197936560784,96
straight_high_BL_0_J000_000.png,straight,h1_exc,50,1.1164047,1.3659047,0.81733716,0.6770821,0.8271484375000001,0.8185738889055012,97
straight_high_BL_0_J000_000.png,straight,h1_exc,95,0.7388236,0.9100679,0.81183344,0.67255354,0.8271484375000001,0.8130989561896299,98
straight_high_BL_0_J000_000.png,straight,h1_exc,126,0.7915873,0.9783225,0.80912715,0.6703266,0.8271484375000001,0.8104066356698624,99
straight_high_BL_0_J000_000.png,straight,h1_exc,19,1.0763063,1.3472886,0.7988684,0.6618839,0.8271484375000001,0.8001996408617023,100
straight_high_BL_0_J000_000.png,straight,h1_exc,56,0.5180304,0.6506842,0.79613185,0.6596315,0.8271484375000001,0.7974765505527922,101
straight_high_BL_0_J000_000.png,straight,h1_exc,17,1.3733119,1.7352699,0.7914111,0.6557458,0.8271484375000001,0.7927788612694517,102
straight_high_BL_0_J000_000.png,straight,h1_exc,104,1.0617855,1.3468682,0.7883366,0.65321505,0.8271484375000001,0.7897192489106697,103
straight_high_BL_0_J000_000.png,straight,h1_exc,5,0.31429997,0.40994623,0.76668584,0.63538915,0.8271484375000001,0.7681682183040006,104
straight_high_BL_0_J000_000.png,straight,h1_exc,103,0.30924827,0.4042718,0.76495135,0.6339609,0.8271484375000001,0.7664415070922167,105
straight_high_BL_0_J000_000.png,straight,h1_exc,4,1.1941348,1.5638038,0.7636091,0.6328556,0.8271484375000001,0.7651052191066011,106
straight_high_BL_0_J000_000.png,straight,h1_exc,116,0.95404625,1.2564439,0.75932264,0.6293254,0.8271484375000001,0.7608372980257095,107
straight_high_BL_0_J000_000.png,straight,h1_exc,39,1.1394157,1.5145707,0.75230277,0.62354356,0.8271484375000001,0.7538472234210574,108
straight_high_BL_0_J000_000.png,straight,h1_exc,42,0.7893767,1.0797212,0.73109305,0.6060705,0.8271484375000001,0.7327227903594079,109
straight_high_BL_0_J000_000.png,straight,h1_exc,44,0.45796165,0.62822545,0.7289766,0.60432667,0.8271484375000001,0.7306145193501782,110
straight_high_BL_0_J000_000.png,straight,h1_exc,59,0.6374823,0.89985335,0.7084291,0.5873926,0.8271484375000001,0.7101417284506255,111
straight_high_BL_0_J000_000.png,straight,h1_exc,51,0.52910054,0.74903876,0.70637274,0.58569753,0.8271484375000001,0.7080924028454205,112
straight_high_BL_0_J000_000.png,straight,h1_exc,31,0.9946547,1.426987,0.6970314,0.5779968,0.8271484375000001,0.6987824158481395,113
straight_high_BL_0_J000_000.png,straight,h1_exc,82,1.6155642,2.3665078,0.6826786,0.5661626,0.8271484375000001,0.6844751845008548,114
straight_high_BL_0_J000_000.png,straight,h1_exc,38,0.9094835,1.3569924,0.6702201,0.5558878,0.8271484375000001,0.6720532692972101,115
straight_high_BL_0_J000_000.png,straight,h1_exc,107,1.4403079,2.1556938,0.6681412,0.55417323,0.8271484375000001,0.6699803799424744,116
straight_high_BL_0_J000_000.png,straight,h1_exc,11,1.819512,2.783233,0.65374047,0.54229367,0.8271484375000001,0.6556183106337437,117
straight_high_BL_0_J000_000.png,straight,h1_exc,86,1.4095203,2.2487946,0.6267893,0.5200532,0.8271484375000001,0.6287301988489774,118
straight_high_BL_0_J000_000.png,straight,h1_exc,73,0.49375919,0.81583476,0.6052196,0.50224644,0.8271484375000001,0.6072022996294624,119
straight_high_BL_0_J000_000.png,straight,h1_exc,106,0.6964888,1.2375442,0.56279916,0.467208,0.8271484375000001,0.5648417759223784,120
straight_high_BL_0_J000_000.png,straight,h1_exc,3,0.56650525,1.0108585,0.5604199,0.46524203,0.8271484375000001,0.5624649718470143,121
straight_high_BL_0_J000_000.png,straight,h1_exc,49,1.1654155,2.1988924,0.53000116,0.44010058,0.8271484375000001,0.532069644552978,122
straight_high_BL_0_J000_000.png,straight,h1_exc,119,0.26714876,0.5357873,0.49860975,0.41414183,0.8271484375000001,0.5006862251073693,123
straight_high_BL_0_J000_000.png,straight,h1_exc,98,1.6806481,3.4253752,0.49064642,0.40755442,0.8271484375000001,0.4927222182189817,124
straight_high_BL_0_J000_000.png,straight,h1_exc,96,0.9602717,1.9678476,0.48798072,0.4053492,0.8271484375000001,0.4900561637135992,125
straight_high_BL_0_J000_000.png,straight,h1_exc,124,0.59892225,1.2480614,0.47988203,0.39864874,0.8271484375000001,0.4819554942839736,126
straight_high_BL_0_J000_000.png,straight,h1_exc,35,0.66142005,1.6235696,0.40738633,0.33862883,0.8271484375000001,0.4093930533860346,127
straight_high_BL_0_J000_000.png,straight,h1_exc,113,0.69133896,2.2976534,0.30088913,0.25032756,0.8271484375000001,0.30263921558694956,128
straight_high_BL_0_J000_000.png,straight,td_h1_exc,72,4.8530097,1.5219908,3.1885934,2.5905435,0.8271484375000001,3.1318967186112774,1
straight_high_BL_0_J000_000.png,straight,td_h1_exc,25,5.4701257,1.7681227,3.0937479,2.5154252,0.8271484375000001,3.0410807308330376,2
straight_high_BL_0_J000_000.png,straight,td_h1_exc,84,2.56357,0.8872685,2.8892834,2.3530939,0.8271484375000001,2.8448265479378403,3
straight_high_BL_0_J000_000.png,straight,td_h1_exc,61,5.2535067,1.8447567,2.8478045,2.3200967,0.8271484375000001,2.804933912646814,4
straight_high_BL_0_J000_000.png,straight,td_h1_exc,7,6.794818,2.582743,2.6308534,2.1471424,0.8271484375000001,2.595836837713849,5
straight_high_BL_0_J000_000.png,straight,td_h1_exc,57,3.174792,1.21036,2.6230147,2.1408815,0.8271484375000001,2.5882676137055953,6
straight_high_BL_0_J000_000.png,straight,td_h1_exc,94,3.0502892,1.2098752,2.5211601,2.059461,0.8271484375000001,2.4898325361249873,7
straight_high_BL_0_J000_000.png,straight,td_h1_exc,0,3.683435,1.5048845,2.447653,2.0006163,0.8271484375000001,2.4186907659365184,8
straight_high_BL_0_J000_000.png,straight,td_h1_exc,78,5.042822,2.060609,2.4472482,2.0002923,0.8271484375000001,2.41829904562322,9
straight_high_BL_0_J000_000.png,straight,td_h1_exc,63,1.8905313,0.78428614,2.4105122,1.9708575,0.8271484375000001,2.382713171966593,10
straight_high_BL_0_J000_000.png,straight,td_h1_exc,53,1.5725435,0.6636017,2.36971,1.9381436,0.8271484375000001,2.34316296767792,11
straight_high_BL_0_J000_000.png,straight,td_h1_exc,99,1.6019896,0.70964885,2.2574399,1.8480169,0.8271484375000001,2.2342021721571217,12
straight_high_BL_0_J000_000.png,straight,td_h1_exc,13,2.6025946,1.1678641,2.2285082,1.8247647,0.8271484375000001,2.2060909792690415,13
straight_high_BL_0_J000_000.png,straight,td_h1_exc,105,3.3818688,1.5268221,2.2149725,1.8138822,0.8271484375000001,2.1929343362665756,14
straight_high_BL_0_J000_000.png,straight,td_h1_exc,20,3.018249,1.3809762,2.185591,1.7902519,0.8271484375000001,2.1643658481047297,15
straight_high_BL_0_J000_000.png,straight,td_h1_exc,62,3.9058278,1.7899119,2.1821342,1.7874708,0.8271484375000001,2.161003654142647,16
straight_high_BL_0_J000_000.png,straight,td_h1_exc,23,5.762929,2.7083404,2.127845,1.743776,0.8271484375000001,2.1081777630771215,17
straight_high_BL_0_J000_000.png,straight,td_h1_exc,29,6.4568887,3.0478663,2.1184947,1.7362467,0.8271484375000001,2.0990750938394727,18
straight_high_BL_0_J000_000.png,straight,td_h1_exc,21,1.9520568,0.9283273,2.1027677,1.7235794,0.8271484375000001,2.083760674335644,19
straight_high_BL_0_J000_000.png,straight,td_h1_exc,93,1.5201759,0.72691244,2.0912778,1.7143228,0.8271484375000001,2.07256969481849,20
straight_high_BL_0_J000_000.png,straight,td_h1_exc,41,2.038638,0.9777119,2.0851111,1.709354,0.8271484375000001,2.066562596077286,21
straight_high_BL_0_J000_000.png,straight,td_h1_exc,28,3.9564693,1.9122416,2.0690217,1.6963878,0.8271484375000001,2.0508867216265285,22
straight_high_BL_0_J000_000.png,straight,td_h1_exc,64,1.8574387,0.90659326,2.0488114,1.680096,0.8271484375000001,2.031190453555545,23
straight_high_BL_0_J000_000.png,straight,td_h1_exc,1,2.490431,1.2302403,2.0243452,1.6603659,0.8271484375000001,2.0073373094740887,24
straight_high_BL_0_J000_000.png,straight,td_h1_exc,118,0.78897125,0.41938636,1.8812516,1.5448138,0.8271484375000001,1.8676378549019488,25
straight_high_BL_0_J000_000.png,straight,td_h1_exc,40,1.8867,1.0286409,1.8341678,1.5067328,0.8271484375000001,1.8215990443052101,26
straight_high_BL_0_J000_000.png,straight,td_h1_exc,6,1.9491049,1.0629418,1.8336892,1.5063457,0.8271484375000001,1.8211310840928185,27
straight_high_BL_0_J000_000.png,straight,td_h1_exc,123,1.1969235,0.6594595,1.8150069,1.4912275,0.8271484375000001,1.8028535411006104,28
straight_high_BL_0_J000_000.png,straight,td_h1_exc,90,2.01646,1.1270102,1.7892118,1.4703456,0.8271484375000001,1.7776079019245659,29
straight_high_BL_0_J000_000.png,straight,td_h1_exc,80,3.2163455,1.8564684,1.7325076,1.4244105,0.8271484375000001,1.722073548810542,30
straight_high_BL_0_J000_000.png,straight,td_h1_exc,83,1.75962,1.080113,1.6291072,1.3405378,0.8271484375000001,1.62067376241284,31
straight_high_BL_0_J000_000.png,straight,td_h1_exc,121,2.0159287,1.2529861,1.6088996,1.3241296,0.8271484375000001,1.6008366883278418,32
straight_high_BL_0_J000_000.png,straight,td_h1_exc,65,1.593821,0.9908239,1.6085815,1.3238716,0.8271484375000001,1.6005248109334425,33
straight_high_BL_0_J000_000.png,straight,td_h1_exc,47,1.3284383,0.84772277,1.5670669,1.2901456,0.8271484375000001,1.5597510211186827,34
straight_high_BL_0_J000_000.png,straight,td_h1_exc,69,0.5301034,0.3414304,1.5525957,1.278384,0.8271484375000001,1.5455314872734738,35
straight_high_BL_0_J000_000.png,straight,td_h1_exc,108,1.734006,1.1356659,1.5268629,1.2574624,0.8271484375000001,1.5202378558736147,36
straight_high_BL_0_J000_000.png,straight,td_h1_exc,92,3.1017601,2.04604,1.5159822,1.2486131,0.8271484375000001,1.5095393371035324,37
straight_high_BL_0_J000_000.png,straight,td_h1_exc,58,1.7044699,1.1329507,1.504452,1.2392343,0.8271484375000001,1.498200633774336,38
straight_high_BL_0_J000_000.png,straight,td_h1_exc,22,2.270206,1.5145959,1.4988856,1.2347058,0.8271484375000001,1.492725773118861,39
straight_high_BL_0_J000_000.png,straight,td_h1_exc,26,1.6354176,1.1008843,1.485549,1.2238542,0.8271484375000001,1.4796064574015846,40
straight_high_BL_0_J000_000.png,straight,td_h1_exc,45,2.0280514,1.373013,1.477081,1.2169628,0.8271484375000001,1.4712749785231924,41
straight_high_BL_0_J000_000.png,straight,td_h1_exc,24,0.7454752,0.53500384,1.3934015,1.1488117,0.8271484375000001,1.388882130447207,42
straight_high_BL_0_J000_000.png,straight,td_h1_exc,43,0.9194594,0.66191137,1.3890975,1.1453036,0.8271484375000001,1.3846409437732752,43
straight_high_BL_0_J000_000.png,straight,td_h1_exc,46,0.55223423,0.4030631,1.3700938,1.1298124,0.8271484375000001,1.365912446822159,44
straight_high_BL_0_J000_000.png,straight,td_h1_exc,48,1.2714639,0.9286989,1.3690809,1.1289865,0.8271484375000001,1.3649139779735455,45
straight_high_BL_0_J000_000.png,straight,td_h1_exc,10,0.821699,0.61945343,1.3264904,1.0942492,0.8271484375000001,1.3229176114782448,46
straight_high_BL_0_J000_000.png,straight,td_h1_exc,54,1.4916067,1.1437662,1.3041186,1.075993,0.8271484375000001,1.3008462327512065,47
straight_high_BL_0_J000_000.png,straight,td_h1_exc,60,0.88573223,0.68275076,1.2972995,1.0704271,0.8271484375000001,1.2941172329616906,48
straight_high_BL_0_J000_000.png,straight,td_h1_exc,76,0.5174587,0.4064924,1.2729849,1.0505751,0.8271484375000001,1.2701167974305683,49
straight_high_BL_0_J000_000.png,straight,td_h1_exc,111,0.48972473,0.39177442,1.2500172,1.0318159,0.8271484375000001,1.2474373730810846,50
straight_high_BL_0_J000_000.png,straight,td_h1_exc,77,0.5387449,0.4332218,1.2435776,1.0265552,0.8271484375000001,1.2410773225196936,51
straight_high_BL_0_J000_000.png,straight,td_h1_exc,2,0.99036777,0.79739374,1.242006,1.0252709,0.8271484375000001,1.2395247092249313,52
straight_high_BL_0_J000_000.png,straight,td_h1_exc,8,0.7109683,0.58488053,1.2155787,1.0036744,0.8271484375000001,1.2134150658994298,53
straight_high_BL_0_J000_000.png,straight,td_h1_exc,18,0.69971347,0.5805228,1.2053162,0.99528515,0.8271484375000001,1.2032727092665876,54
straight_high_BL_0_J000_000.png,straight,td_h1_exc,102,3.2544472,2.7251856,1.1942112,0.9862055,0.8271484375000001,1.1922956770655087,55
straight_high_BL_0_J000_000.png,straight,td_h1_exc,85,0.5038561,0.42534375,1.1845857,0.9783345,0.8271484375000001,1.182779813516518,56
straight_high_BL_0_J000_000.png,straight,td_h1_exc,120,0.3027685,0.2559876,1.1827466,0.9768304,0.8271484375000001,1.1809614414808718,57
straight_high_BL_0_J000_000.png,straight,td_h1_exc,91,0.748737,0.64991456,1.1520544,0.951723,0.8271484375000001,1.150607224642821,58
straight_high_BL_0_J000_000.png,straight,td_h1_exc,75,0.6509393,0.5736397,1.1347529,0.93756413,0.8271484375000001,1.133489565786531,59
straight_high_BL_0_J000_000.png,straight,td_h1_exc,88,0.92603517,0.82681334,1.1200051,0.92549175,0.8271484375000001,1.1188943810963579,60
straight_high_BL_0_J000_000.png,straight,td_h1_exc,110,0.7003918,0.6340402,1.104649,0.91291845,0.8271484375000001,1.1036936008372076,61
straight_high_BL_0_J000_000.png,straight,td_h1_exc,117,0.3715112,0.33837968,1.0979122,0.90740144,0.8271484375000001,1.0970236905725086,62
straight_high_BL_0_J000_000.png,straight,td_h1_exc,55,0.9861032,0.9308399,1.0593692,0.87582546,0.8271484375000001,1.058849191306128,63
straight_high_BL_0_J000_000.png,straight,td_h1_exc,15,0.64817333,0.61340606,1.056679,0.8736208,0.8271484375000001,1.0561838213745085,64
straight_high_BL_0_J000_000.png,straight,td_h1_exc,103,0.20256834,0.19275697,1.0509001,0.86888456,0.8271484375000001,1.0504578302385617,65
straight_high_BL_0_J000_000.png,straight,td_h1_exc,66,0.5114494,0.5033298,1.0161318,0.8403796,0.8271484375000001,1.015996098761378,66
straight_high_BL_0_J000_000.png,straight,td_h1_exc,125,0.46003374,0.45287326,1.0158112,0.8401169,0.8271484375000001,1.0156785285956853,67
straight_high_BL_0_J000_000.png,straight,td_h1_exc,89,0.5336358,0.5279951,1.0106832,0.8359112,0.8271484375000001,1.0105939470455862,68
straight_high_BL_0_J000_000.png,straight,td_h1_exc,3,0.5119225,0.50939006,1.0049715,0.8312263,0.8271484375000001,1.004929999910697,69
straight_high_BL_0_J000_000.png,straight,td_h1_exc,17,0.5627928,0.5639357,0.9979733,0.8254859,0.8271484375000001,0.997990007281347,70
straight_high_BL_0_J000_000.png,straight,td_h1_exc,50,0.79053104,0.79594207,0.99320173,0.82157147,0.8271484375000001,0.9932575848870775,71
straight_high_BL_0_J000_000.png,straight,td_h1_exc,74,0.4170156,0.4201015,0.99265444,0.8211224,0.8271484375000001,0.9927146818627232,72
straight_high_BL_0_J000_000.png,straight,td_h1_exc,95,0.5835498,0.5999683,0.9726344,0.8046951,0.8271484375000001,0.9728545484509673,73
straight_high_BL_0_J000_000.png,straight,td_h1_exc,52,0.47044137,0.48379076,0.9724067,0.8045082,0.8271484375000001,0.9726285670487407,74
straight_high_BL_0_J000_000.png,straight,td_h1_exc,34,0.40134016,0.41310573,0.97151923,0.80378,0.8271484375000001,0.9717482051893648,75
straight_high_BL_0_J000_000.png,straight,td_h1_exc,87,0.347857,0.36115712,0.96317357,0.79693025,0.8271484375000001,0.9634670244674631,76
straight_high_BL_0_J000_000.png,straight,td_h1_exc,97,0.4686445,0.4931253,0.9503558,0.78640825,0.8271484375000001,0.9507462027407202,77
straight_high_BL_0_J000_000.png,straight,td_h1_exc,37,0.7911157,0.8334399,0.9492175,0.7854737,0.8271484375000001,0.9496163677899832,78
straight_high_BL_0_J000_000.png,straight,td_h1_exc,79,0.5266531,0.57387847,0.91770846,0.7595981,0.8271484375000001,0.9183334365667611,79
straight_high_BL_0_J000_000.png,straight,td_h1_exc,71,0.41027156,0.45686817,0.89800864,0.7434136,0.8271484375000001,0.8987668772087908,80
straight_high_BL_0_J000_000.png,straight,td_h1_exc,12,0.37632602,0.42110774,0.8936573,0.7398382,0.8271484375000001,0.8944442622872454,81
straight_high_BL_0_J000_000.png,straight,td_h1_exc,9,0.26837733,0.30544308,0.87864923,0.72750366,0.8271484375000001,0.8795321559749446,82
straight_high_BL_0_J000_000.png,straight,td_h1_exc,115,0.35703477,0.40966383,0.8715311,0.7216524,0.8271484375000001,0.8724581310088148,83
straight_high_BL_0_J000_000.png,straight,td_h1_exc,101,0.4334767,0.49893793,0.8687988,0.71940637,0.8271484375000001,0.8697427511622894,84
straight_high_BL_0_J000_000.png,straight,td_h1_exc,114,0.42641976,0.4955778,0.8604497,0.7125422,0.8271484375000001,0.8614441318245271,85
straight_high_BL_0_J000_000.png,straight,td_h1_exc,32,0.1294392,0.15090086,0.8577764,0.71034414,0.8271484375000001,0.8587867605968769,86
straight_high_BL_0_J000_000.png,straight,td_h1_exc,122,0.46351302,0.5456317,0.849498,0.70353675,0.8271484375000001,0.8505568148166152,87
straight_high_BL_0_J000_000.png,straight,td_h1_exc,104,0.33769125,0.41019267,0.82325035,0.6819472,0.8271484375000001,0.8244556025574595,88
straight_high_BL_0_J000_000.png,straight,td_h1_exc,100,0.46156564,0.57125115,0.80799073,0.6693915,0.8271484375000001,0.8092761521755603,89
straight_high_BL_0_J000_000.png,straight,td_h1_exc,51,0.43312618,0.5365348,0.8072658,0.66879475,0.8271484375000001,0.808554683489625,90
straight_high_BL_0_J000_000.png,straight,td_h1_exc,82,0.8553042,1.0910603,0.78392017,0.64957935,0.8271484375000001,0.7853237809286489,91
straight_high_BL_0_J000_000.png,straight,td_h1_exc,73,0.16630019,0.21477307,0.7743065,0.6416643,0.8271484375000001,0.7757547368073231,92
straight_high_BL_0_J000_000.png,straight,td_h1_exc,56,0.3720633,0.482841,0.77057105,0.63858855,0.8271484375000001,0.7720362041864364,93
straight_high_BL_0_J000_000.png,straight,td_h1_exc,42,0.25699544,0.35172194,0.73067784,0.6057283,0.8271484375000001,0.7323090916252935,94
straight_high_BL_0_J000_000.png,straight,td_h1_exc,112,0.25546443,0.35234115,0.72504854,0.6010898,0.8271484375000001,0.7267012074785841,95
straight_high_BL_0_J000_000.png,straight,td_h1_exc,4,0.93277276,1.3550452,0.6883702,0.5708558,0.8271484375000001,0.6901491480308044,96
straight_high_BL_0_J000_000.png,straight,td_h1_exc,30,0.18245472,0.26658428,0.68441665,0.5675957,0.8271484375000001,0.6862078046651204,97
straight_high_BL_0_J000_000.png,straight,td_h1_exc,33,0.22023043,0.32223502,0.6834466,0.56679595,0.8271484375000001,0.6852408982700066,98
straight_high_BL_0_J000_000.png,straight,td_h1_exc,44,0.13097304,0.19266742,0.6797882,0.56377906,0.8271484375000001,0.6815935613204848,99
straight_high_BL_0_J000_000.png,straight,td_h1_exc,67,0.19988322,0.29404286,0.67977583,0.56376874,0.8271484375000001,0.6815810948719563,100
straight_high_BL_0_J000_000.png,straight,td_h1_exc,31,0.30957654,0.4631956,0.6683495,0.5543449,0.8271484375000001,0.6701879138832948,101
straight_high_BL_0_J000_000.png,straight,td_h1_exc,116,0.15582784,0.23706941,0.6573089,0.5452375,0.8271484375000001,0.6591773015376247,102
straight_high_BL_0_J000_000.png,straight,td_h1_exc,38,0.24643928,0.3780016,0.651953,0.5408189,0.8271484375000001,0.6538353923129876,103
straight_high_BL_0_J000_000.png,straight,td_h1_exc,127,0.1662031,0.26698324,0.6225226,0.51653135,0.8271484375000001,0.6244723662235423,104
straight_high_BL_0_J000_000.png,straight,td_h1_exc,14,0.37337652,0.60825837,0.6138453,0.5093682,0.8271484375000001,0.6158122919388512,105
straight_high_BL_0_J000_000.png,straight,td_h1_exc,70,0.12493914,0.20435467,0.6113838,0.50733596,0.8271484375000001,0.6133553927332018,106
straight_high_BL_0_J000_000.png,straight,td_h1_exc,36,0.40806937,0.6723681,0.6069136,0.50364524,0.8271484375000001,0.6088934130055639,107
straight_high_BL_0_J000_000.png,straight,td_h1_exc,109,0.16027306,0.26744,0.5992861,0.49734706,0.8271484375000001,0.6012790791893399,108
straight_high_BL_0_J000_000.png,straight,td_h1_exc,107,0.28096202,0.4763939,0.5897683,0.4894868,0.8271484375000001,0.5917762585720466,109
straight_high_BL_0_J000_000.png,straight,td_h1_exc,59,0.12930952,0.22141524,0.5840136,0.48473388,0.8271484375000001,0.5860300905251866,110
straight_high_BL_0_J000_000.png,straight,td_h1_exc,5,0.12676775,0.22350249,0.5671872,0.4708335,0.8271484375000001,0.569224921576663,111
straight_high_BL_0_J000_000.png,straight,td_h1_exc,81,0.30597493,0.5411228,0.5654445,0.4693938,0.8271484375000001,0.5674843387386264,112
straight_high_BL_0_J000_000.png,straight,td_h1_exc,124,0.3901638,0.69873714,0.55838424,0.46355996,0.8271484375000001,0.5604313914383611,113
straight_high_BL_0_J000_000.png,straight,td_h1_exc,106,0.2308065,0.42651325,0.5411473,0.4493145,0.8271484375000001,0.5432090288265113,114
straight_high_BL_0_J000_000.png,straight,td_h1_exc,126,0.22662549,0.4314644,0.5252472,0.4361702,0.8271484375000001,0.5273179099725489,115
straight_high_BL_0_J000_000.png,straight,td_h1_exc,86,0.39350137,0.75539106,0.52092403,0.4325957,0.8271484375000001,0.5229964480173414,116
straight_high_BL_0_J000_000.png,straight,td_h1_exc,96,0.5329861,1.0953834,0.48657492,0.4041862,0.8271484375000001,0.4886501212645412,117
straight_high_BL_0_J000_000.png,straight,td_h1_exc,16,0.26286983,0.5437292,0.4834573,0.40160695,0.8271484375000001,0.48553188777351713,118
straight_high_BL_0_J000_000.png,straight,td_h1_exc,39,0.24786113,0.52786314,0.46955568,0.39010385,0.8271484375000001,0.47162495192666887,119
straight_high_BL_0_J000_000.png,straight,td_h1_exc,68,0.2822436,0.6687554,0.4220431,0.35076922,0.8271484375000001,0.42407045898817847,120
straight_high_BL_0_J000_000.png,straight,td_h1_exc,19,0.088555165,0.21765365,0.40686274,0.33819515,0.8271484375000001,0.40886874194387873,121
straight_high_BL_0_J000_000.png,straight,td_h1_exc,119,0.15012904,0.39674315,0.3784036,0.31461352,0.8271484375000001,0.38035919918605726,122
straight_high_BL_0_J000_000.png,straight,td_h1_exc,11,0.5287281,1.5157726,0.3488176,0.2900864,0.8271484375000001,0.35070656236461306,123
straight_high_BL_0_J000_000.png,straight,td_h1_exc,49,0.36083552,1.064218,0.33906165,0.28199598,0.8271484375000001,0.34092548052770943,124
straight_high_BL_0_J000_000.png,straight,td_h1_exc,113,0.2960353,1.0645342,0.27808905,0.23140268,0.8271484375000001,0.27975955341175246,125
straight_high_BL_0_J000_000.png,straight,td_h1_exc,27,0.17835262,0.645052,0.2764934,0.23007797,0.8271484375000001,0.2781580111080258,126
straight_high_BL_0_J000_000.png,straight,td_h1_exc,35,0.19339983,1.0259656,0.18850519,0.15697543,0.8271484375000001,0.18977903386610667,127
straight_high_BL_0_J000_000.png,straight,td_h1_exc,98,0.1321537,0.82416534,0.16034853,0.13355961,0.8271484375000001,0.16146994511518697,128
