filename,contour_type,contrast,quadrant,position,jitter,stimulus_id,condition,bias_strength,layer,channel_group,n_channels,contour_mean_activation,background_mean_activation,contour_preference_ratio,activation_on_contour_pct,contour_area_pct,contour_enrichment,dice_top_activation,top_activation_percentile
C_BL_0_J000_000.png,C,NA,BL,0,0,0,baseline,0.0,h1_exc,all_channels,128,2.1998768,0.603233,3.6468112,5.756026,1.647186279296875,3.494459508660223,0.24642190416917878,90
C_BL_0_J000_000.png,C,NA,BL,0,0,0,C_bias,0.25,h1_exc,all_channels,128,2.4723594,0.64387435,3.8398166,6.042253,1.647186279296875,3.6682268767576733,0.2514573917599229,90
C_BL_0_J000_000.png,C,NA,BL,0,0,0,straight_bias,0.25,h1_exc,all_channels,128,2.4457216,0.6433462,3.8015637,5.9856644,1.647186279296875,3.633872140977356,0.2506795925718892,90
C_BL_0_J000_001.png,C,NA,BL,0,0,1,baseline,0.0,h1_exc,all_channels,128,2.3152912,0.6145915,3.7672036,5.9347734,1.647186279296875,3.6029764718735837,0.2459633838796561,90
C_BL_0_J000_001.png,C,NA,BL,0,0,1,C_bias,0.25,h1_exc,all_channels,128,2.5844698,0.63984954,4.0391836,6.3360963,1.647186279296875,3.846617913192038,0.25107260996290864,90
C_BL_0_J000_001.png,C,NA,BL,0,0,1,straight_bias,0.25,h1_exc,all_channels,128,2.6021252,0.6517656,3.992425,6.267345,1.647186279296875,3.804879261291657,0.25198965054195394,90
C_BL_0_J000_002.png,C,NA,BL,0,0,2,baseline,0.0,h1_exc,all_channels,128,2.0661178,0.6296021,3.2816248,5.2096553,1.647186279296875,3.1627602285989207,0.2550682867716061,90
C_BL_0_J000_002.png,C,NA,BL,0,0,2,C_bias,0.25,h1_exc,all_channels,128,2.3163326,0.65092915,3.5585017,5.624482,1.647186279296875,3.414599909793495,0.25919496937731007,90
C_BL_0_J000_002.png,C,NA,BL,0,0,2,straight_bias,0.25,h1_exc,all_channels,128,2.286127,0.65696067,3.4798539,5.5070195,1.647186279296875,3.3432888287072,0.25722988242221295,90
C_BL_0_J000_003.png,C,NA,BL,0,0,3,baseline,0.0,h1_exc,all_channels,128,1.9619222,0.61132616,3.2092888,5.1006775,1.647186279296875,3.0966002591071056,0.2529066911209993,90
C_BL_0_J000_003.png,C,NA,BL,0,0,3,C_bias,0.25,h1_exc,all_channels,128,2.179914,0.6482809,3.362607,5.331362,1.647186279296875,3.23664773394007,0.2582779287982647,90
C_BL_0_J000_003.png,C,NA,BL,0,0,3,straight_bias,0.25,h1_exc,all_channels,128,2.1869571,0.662309,3.3020194,5.240335,1.647186279296875,3.1813857495604174,0.25271018242548954,90
C_BL_0_J000_004.png,C,NA,BL,0,0,4,baseline,0.0,h1_exc,all_channels,128,1.9331201,0.5925378,3.2624419,5.180779,1.647186279296875,3.145229543202801,0.24851799692128237,90
C_BL_0_J000_004.png,C,NA,BL,0,0,4,C_bias,0.25,h1_exc,all_channels,128,2.1729162,0.6380325,3.4056513,5.3959255,1.647186279296875,3.275844120918414,0.25526479546711583,90
C_BL_0_J000_004.png,C,NA,BL,0,0,4,straight_bias,0.25,h1_exc,all_channels,128,2.1468055,0.6210823,3.4565556,5.4721656,1.647186279296875,3.3221291484280635,0.2520551534404572,90
C_BL_0_J000_005.png,C,NA,BL,0,0,5,baseline,0.0,h1_exc,all_channels,128,2.1846676,0.637098,3.429092,5.431047,1.647186279296875,3.297166202771368,0.2501555693838633,90
C_BL_0_J000_005.png,C,NA,BL,0,0,5,C_bias,0.25,h1_exc,all_channels,128,2.4237888,0.6753806,3.5887747,5.669617,1.647186279296875,3.4420011949444196,0.2534307143090252,90
C_BL_0_J000_005.png,C,NA,BL,0,0,5,straight_bias,0.25,h1_exc,all_channels,128,2.4263756,0.6883962,3.524679,5.574002,1.647186279296875,3.38395348802494,0.25113811286141186,90
C_BL_0_J010_000.png,C,NA,BL,0,10,0,baseline,0.0,h1_exc,all_channels,128,2.1196837,0.60478973,3.5048275,5.544348,1.647186279296875,3.365950651172678,0.24026463170987447,90
C_BL_0_J010_000.png,C,NA,BL,0,10,0,C_bias,0.25,h1_exc,all_channels,128,2.3928585,0.6452682,3.708316,5.847428,1.647186279296875,3.5499493184206137,0.2468149215601982,90
C_BL_0_J010_000.png,C,NA,BL,0,10,0,straight_bias,0.25,h1_exc,all_channels,128,2.3603275,0.64508164,3.6589594,5.7740936,1.647186279296875,3.5054284178108612,0.24602888677815934,90
C_BL_0_J010_001.png,C,NA,BL,0,10,1,baseline,0.0,h1_exc,all_channels,128,2.3362834,0.6131302,3.8104198,5.998771,1.647186279296875,3.6418292391226568,0.24570137228564318,90
C_BL_0_J010_001.png,C,NA,BL,0,10,1,C_bias,0.25,h1_exc,all_channels,128,2.6161156,0.6382189,4.099088,6.4240294,1.647186279296875,3.900001713238489,0.25166213604943777,90
C_BL_0_J010_001.png,C,NA,BL,0,10,1,straight_bias,0.25,h1_exc,all_channels,128,2.6242695,0.6498072,4.0385356,6.335145,1.647186279296875,3.846040388878731,0.2497625519928439,90
C_BL_0_J010_002.png,C,NA,BL,0,10,2,baseline,0.0,h1_exc,all_channels,128,1.917283,0.63151336,3.0360134,4.8386073,1.647186279296875,2.9374985347372022,0.25054858677488273,90
C_BL_0_J010_002.png,C,NA,BL,0,10,2,C_bias,0.25,h1_exc,all_channels,128,2.1576743,0.65264755,3.306033,5.2463713,1.647186279296875,3.185050351205608,0.25598532735065144,90
C_BL_0_J010_002.png,C,NA,BL,0,10,2,straight_bias,0.25,h1_exc,all_channels,128,2.1179836,0.6593197,3.2123773,5.105335,1.647186279296875,3.099427957098276,0.25408574329405753,90
C_BL_0_J010_003.png,C,NA,BL,0,10,3,baseline,0.0,h1_exc,all_channels,128,1.9389764,0.61203235,3.1680946,5.0385036,1.647186279296875,3.058854775315877,0.2476583480709217,90
C_BL_0_J010_003.png,C,NA,BL,0,10,3,C_bias,0.25,h1_exc,all_channels,128,2.1482425,0.649066,3.3097444,5.251951,1.647186279296875,3.1884379148719346,0.2532997085120187,90
C_BL_0_J010_003.png,C,NA,BL,0,10,3,straight_bias,0.25,h1_exc,all_channels,128,2.1544173,0.6632052,3.2484927,5.159771,1.647186279296875,3.13247566416953,0.24832148822577266,90
C_BL_0_J010_004.png,C,NA,BL,0,10,4,baseline,0.0,h1_exc,all_channels,128,1.7107819,0.59484553,2.8760104,4.5953226,1.647186279296875,2.7898013957542913,0.2345003766415896,90
C_BL_0_J010_004.png,C,NA,BL,0,10,4,C_bias,0.25,h1_exc,all_channels,128,1.9276615,0.64062667,3.0090249,4.797657,1.647186279296875,2.912637777593087,0.24327776504102339,90
C_BL_0_J010_004.png,C,NA,BL,0,10,4,straight_bias,0.25,h1_exc,all_channels,128,1.9153996,0.62349755,3.072024,4.8931913,1.647186279296875,2.97063627191444,0.23947859692783563,90
C_BL_0_J010_005.png,C,NA,BL,0,10,5,baseline,0.0,h1_exc,all_channels,128,2.174898,0.6366959,3.415913,5.4113035,1.647186279296875,3.285180040268869,0.24917302590631474,90
C_BL_0_J010_005.png,C,NA,BL,0,10,5,C_bias,0.25,h1_exc,all_channels,128,2.4204257,0.6751108,3.5852273,5.6643305,1.647186279296875,3.4387916650889627,0.2527756853239928,90
C_BL_0_J010_005.png,C,NA,BL,0,10,5,straight_bias,0.25,h1_exc,all_channels,128,2.4147341,0.6880102,3.5097358,5.5516825,1.647186279296875,3.370403522845506,0.25054858677488273,90
C_BL_0_J020_000.png,C,NA,BL,0,20,0,baseline,0.0,h1_exc,all_channels,128,2.0739708,0.6057352,3.4238904,5.423257,1.647186279296875,3.292436872091418,0.2365964693936932,90
C_BL_0_J020_000.png,C,NA,BL,0,20,0,C_bias,0.25,h1_exc,all_channels,128,2.3469841,0.6458622,3.6338775,5.7367845,1.647186279296875,3.482778174780236,0.24262273605599102,90
C_BL_0_J020_000.png,C,NA,BL,0,20,0,straight_bias,0.25,h1_exc,all_channels,128,2.3104205,0.6458304,3.5774417,5.652725,1.647186279296875,3.4317461579524857,0.24000262011586151,90
C_BL_0_J020_001.png,C,NA,BL,0,20,1,baseline,0.0,h1_exc,all_channels,128,2.4177105,0.6095131,3.966626,6.229368,1.647186279296875,3.7818237380411674,0.24655290996618526,90
C_BL_0_J020_001.png,C,NA,BL,0,20,1,C_bias,0.25,h1_exc,all_channels,128,2.7066152,0.6352639,4.2606153,6.660313,1.647186279296875,4.043448620658504,0.2513346215569216,90
C_BL_0_J020_001.png,C,NA,BL,0,20,1,straight_bias,0.25,h1_exc,all_channels,128,2.7130115,0.64628994,4.197824,6.5686035,1.647186279296875,3.987772092511104,0.2512036157599151,90
C_BL_0_J020_002.png,C,NA,BL,0,20,2,baseline,0.0,h1_exc,all_channels,128,2.0028517,0.6304836,3.176691,5.0514855,1.647186279296875,3.066736028162889,0.25094160416590217,90
C_BL_0_J020_002.png,C,NA,BL,0,20,2,C_bias,0.25,h1_exc,all_channels,128,2.255034,0.651569,3.460929,5.478709,1.647186279296875,3.3261017630403518,0.255592309959632,90
C_BL_0_J020_002.png,C,NA,BL,0,20,2,straight_bias,0.25,h1_exc,all_channels,128,2.210962,0.65822065,3.3589983,5.325946,1.647186279296875,3.233359753413482,0.2542084233967858,90
C_BL_0_J020_003.png,C,NA,BL,0,20,3,baseline,0.0,h1_exc,all_channels,128,1.6722441,0.61408514,2.723147,4.36173,1.647186279296875,2.647988346592074,0.22336488389603923,90
C_BL_0_J020_003.png,C,NA,BL,0,20,3,C_bias,0.25,h1_exc,all_channels,128,1.8521487,0.6512938,2.8437989,4.5461946,1.647186279296875,2.7599759559168335,0.22867061867480146,90
C_BL_0_J020_003.png,C,NA,BL,0,20,3,straight_bias,0.25,h1_exc,all_channels,128,1.8557441,0.66525304,2.7895312,4.463312,1.647186279296875,2.70965839021953,0.22408541577957486,90
C_BL_0_J020_004.png,C,NA,BL,0,20,4,baseline,0.0,h1_exc,all_channels,128,1.771137,0.59260446,2.9887338,4.7668476,1.647186279296875,2.8939335164745876,0.22965316215235002,90
C_BL_0_J020_004.png,C,NA,BL,0,20,4,C_bias,0.25,h1_exc,all_channels,128,2.0019867,0.6379347,3.1382315,4.9933825,1.647186279296875,3.0314618852552213,0.23835724110819467,90
C_BL_0_J020_004.png,C,NA,BL,0,20,4,straight_bias,0.25,h1_exc,all_channels,128,1.9840925,0.62013113,3.1994724,5.0858693,1.647186279296875,3.0876102753728927,0.23423836504757664,90
C_BL_0_J020_005.png,C,NA,BL,0,20,5,baseline,0.0,h1_exc,all_channels,128,2.005924,0.63627934,3.1525838,5.015073,1.647186279296875,3.0446300185703685,0.24262273605599102,90
C_BL_0_J020_005.png,C,NA,BL,0,20,5,C_bias,0.25,h1_exc,all_channels,128,2.2334998,0.67574227,3.305254,5.2451987,1.647186279296875,3.184338505448003,0.24602888677815934,90
C_BL_0_J020_005.png,C,NA,BL,0,20,5,straight_bias,0.25,h1_exc,all_channels,128,2.2411134,0.68797606,3.2575457,5.173407,1.647186279296875,3.1407540916320094,0.24412930272156547,90
C_BL_0_J030_000.png,C,NA,BL,0,30,0,baseline,0.0,h1_exc,all_channels,128,1.4572519,0.6130739,2.3769596,3.8284614,1.647186279296875,2.3242431250744238,0.19631218681420223,90
C_BL_0_J030_000.png,C,NA,BL,0,30,0,C_bias,0.25,h1_exc,all_channels,128,1.6333174,0.65430367,2.496268,4.012914,1.647186279296875,2.4362236419953356,0.20495856941662954,90
C_BL_0_J030_000.png,C,NA,BL,0,30,0,straight_bias,0.25,h1_exc,all_channels,128,1.6035216,0.6537877,2.4526641,3.9455845,1.647186279296875,2.3953480922203307,0.20109389840493855,90
C_BL_0_J030_001.png,C,NA,BL,0,30,1,baseline,0.0,h1_exc,all_channels,128,2.3703084,0.60407686,3.9238522,6.166336,1.647186279296875,3.7435571796815412,0.2455703664886367,90
C_BL_0_J030_001.png,C,NA,BL,0,30,1,C_bias,0.25,h1_exc,all_channels,128,2.6436665,0.62938124,4.2004213,6.5724,1.647186279296875,3.990076979018649,0.24891101431230178,90
C_BL_0_J030_001.png,C,NA,BL,0,30,1,straight_bias,0.25,h1_exc,all_channels,128,2.6719506,0.63938826,4.178917,6.540952,1.647186279296875,3.9709850963184365,0.24878000851529533,90
C_BL_0_J030_002.png,C,NA,BL,0,30,2,baseline,0.0,h1_exc,all_channels,128,1.5550148,0.638017,2.4372623,3.9217794,1.647186279296875,2.380896089065826,0.2217273114334583,90
C_BL_0_J030_002.png,C,NA,BL,0,30,2,C_bias,0.25,h1_exc,all_channels,128,1.7386322,0.6608517,2.630896,4.220205,1.647186279296875,2.562068939980755,0.23096322012241477,90
C_BL_0_J030_002.png,C,NA,BL,0,30,2,straight_bias,0.25,h1_exc,all_channels,128,1.7261835,0.6672643,2.5869563,4.1526484,1.647186279296875,2.5210557396739315,0.23319031867152484,90
C_BL_0_J030_003.png,C,NA,BL,0,30,3,baseline,0.0,h1_exc,all_channels,128,1.6935035,0.6137161,2.7594247,4.417271,1.647186279296875,2.6817070819130753,0.2383650476532806,90
C_BL_0_J030_003.png,C,NA,BL,0,30,3,C_bias,0.25,h1_exc,all_channels,128,1.8973445,0.6504163,2.917123,4.6579537,1.647186279296875,2.8278244964961274,0.24707693315421114,90
C_BL_0_J030_003.png,C,NA,BL,0,30,3,straight_bias,0.25,h1_exc,all_channels,128,1.876121,0.6649706,2.8213594,4.511942,1.647186279296875,2.7391813173214463,0.24157468967993923,90
C_BL_0_J030_004.png,C,NA,BL,0,30,4,baseline,0.0,h1_exc,all_channels,128,1.6310984,0.59747,2.7300088,4.3722405,1.647186279296875,2.6543691941679723,0.22087577375291623,90
C_BL_0_J030_004.png,C,NA,BL,0,30,4,C_bias,0.25,h1_exc,all_channels,128,1.8276926,0.64025795,2.8546193,4.5627027,1.647186279296875,2.769997956782345,0.22788458389276262,90
C_BL_0_J030_004.png,C,NA,BL,0,30,4,straight_bias,0.25,h1_exc,all_channels,128,1.8129604,0.6229996,2.9100506,4.6471853,1.647186279296875,2.821287037063838,0.22506795925712342,90
C_BL_0_J030_005.png,C,NA,BL,0,30,5,baseline,0.0,h1_exc,all_channels,128,1.6432412,0.6377535,2.5766087,4.136724,1.647186279296875,2.5113880695149304,0.22860511577629822,90
C_BL_0_J030_005.png,C,NA,BL,0,30,5,C_bias,0.25,h1_exc,all_channels,128,1.8231837,0.67872435,2.6861916,4.3050847,1.647186279296875,2.6135991619930676,0.23299380997601513,90
C_BL_0_J030_005.png,C,NA,BL,0,30,5,straight_bias,0.25,h1_exc,all_channels,128,1.8304886,0.69089824,2.649433,4.248676,1.647186279296875,2.5793535623862422,0.22736056070473673,90
C_BL_0_J040_000.png,C,NA,BL,0,40,0,baseline,0.0,h1_exc,all_channels,128,1.9287125,0.6060865,3.1822398,5.059862,1.647186279296875,3.0718214264645773,0.24353977663503634,90
C_BL_0_J040_000.png,C,NA,BL,0,40,0,C_bias,0.25,h1_exc,all_channels,128,2.1754708,0.6477626,3.3584385,5.3251038,1.647186279296875,3.23284852136471,0.24930403170332122,90
C_BL_0_J040_000.png,C,NA,BL,0,40,0,straight_bias,0.25,h1_exc,all_channels,128,2.157384,0.64680684,3.3354378,5.2905636,1.647186279296875,3.2118793227889095,0.24799397373325646,90
C_BL_0_J040_001.png,C,NA,BL,0,40,1,baseline,0.0,h1_exc,all_channels,128,1.9018323,0.6025472,3.1563208,5.02072,1.647186279296875,3.0480583997445527,0.24150918678143599,90
C_BL_0_J040_001.png,C,NA,BL,0,40,1,C_bias,0.25,h1_exc,all_channels,128,2.1056175,0.63699746,3.305535,5.2456226,1.647186279296875,3.1845958583876173,0.24897651721080502,90
C_BL_0_J040_001.png,C,NA,BL,0,40,1,straight_bias,0.25,h1_exc,all_channels,128,2.1387556,0.6513482,3.2835827,5.2126007,1.647186279296875,3.164548382826138,0.24668391576319174,90
C_BL_0_J040_002.png,C,NA,BL,0,40,2,baseline,0.0,h1_exc,all_channels,128,1.5620528,0.6343512,2.4624417,3.9606905,1.647186279296875,2.4045188598811906,0.21085383028192092,90
C_BL_0_J040_002.png,C,NA,BL,0,40,2,C_bias,0.25,h1_exc,all_channels,128,1.7494255,0.6561764,2.6660903,4.2742467,1.647186279296875,2.5948775317222887,0.21268791144001156,90
C_BL_0_J040_002.png,C,NA,BL,0,40,2,straight_bias,0.25,h1_exc,all_channels,128,1.743361,0.6621533,2.6328661,4.223231,1.647186279296875,2.5639060173202277,0.21825565781278672,90
C_BL_0_J040_003.png,C,NA,BL,0,40,3,baseline,0.0,h1_exc,all_channels,128,0.83075446,0.61990136,1.3401397,2.195161,1.647186279296875,1.3326732492044397,0.0526643303966028,90
C_BL_0_J040_003.png,C,NA,BL,0,40,3,C_bias,0.25,h1_exc,all_channels,128,0.88865685,0.65671754,1.3531797,2.2160473,1.647186279296875,1.3453531645975856,0.05489142894571287,90
C_BL_0_J040_003.png,C,NA,BL,0,40,3,straight_bias,0.25,h1_exc,all_channels,128,0.9159326,0.67089164,1.3652467,2.2353668,1.647186279296875,1.3570819741604703,0.06379982314215314,90
C_BL_0_J040_004.png,C,NA,BL,0,40,4,baseline,0.0,h1_exc,all_channels,128,1.2420349,0.6039869,2.0563936,3.3293307,1.647186279296875,2.0212229208001053,0.14915009989187136,90
C_BL_0_J040_004.png,C,NA,BL,0,40,4,C_bias,0.25,h1_exc,all_channels,128,1.4040618,0.64425814,2.1793466,3.521383,1.647186279296875,2.13781711879537,0.1595650607538861,90
C_BL_0_J040_004.png,C,NA,BL,0,40,4,straight_bias,0.25,h1_exc,all_channels,128,1.3866665,0.62612134,2.214693,3.5764534,1.647186279296875,2.1712501315613664,0.15380080568560123,90
C_BL_0_J040_005.png,C,NA,BL,0,40,5,baseline,0.0,h1_exc,all_channels,128,1.2602469,0.6423434,1.961952,3.1812923,1.647186279296875,1.9313494266722635,0.17155209117997852,90
C_BL_0_J040_005.png,C,NA,BL,0,40,5,C_bias,0.25,h1_exc,all_channels,128,1.3811923,0.6844527,2.0179515,3.269127,1.647186279296875,1.9846734478862846,0.17384469262759183,90
C_BL_0_J040_005.png,C,NA,BL,0,40,5,straight_bias,0.25,h1_exc,all_channels,128,1.3974564,0.69652325,2.0063312,3.250914,1.647186279296875,1.9736165350307613,0.17174297504415675,90
C_BL_0_J050_000.png,C,NA,BL,0,50,0,baseline,0.0,h1_exc,all_channels,128,1.4897357,0.61240584,2.4325955,3.9145637,1.647186279296875,2.3765154441178957,0.2094127665148497,90
C_BL_0_J050_000.png,C,NA,BL,0,50,0,C_bias,0.25,h1_exc,all_channels,128,1.6503981,0.6549349,2.5199423,4.0494313,1.647186279296875,2.458393048993678,0.21085383028192092,90
C_BL_0_J050_000.png,C,NA,BL,0,50,0,straight_bias,0.25,h1_exc,all_channels,128,1.6732451,0.6534344,2.5606933,4.1122236,1.647186279296875,2.496513995960024,0.22120328824543242,90
C_BL_0_J050_001.png,C,NA,BL,0,50,1,baseline,0.0,h1_exc,all_channels,128,1.5127382,0.6081535,2.4874282,3.9992726,1.647186279296875,2.427941885445336,0.17155209117997852,90
C_BL_0_J050_001.png,C,NA,BL,0,50,1,C_bias,0.25,h1_exc,all_channels,128,1.6799582,0.6469776,2.596625,4.1675215,1.647186279296875,2.530085093486646,0.1667703795892422,90
C_BL_0_J050_001.png,C,NA,BL,0,50,1,straight_bias,0.25,h1_exc,all_channels,128,1.7155012,0.660073,2.5989568,4.1711082,1.647186279296875,2.532262606210805,0.1750237448006501,90
C_BL_0_J050_002.png,C,NA,BL,0,50,2,baseline,0.0,h1_exc,all_channels,128,0.90643144,0.6450181,1.4052806,2.2994087,1.647186279296875,1.3959615188526415,0.06379982314215314,90
C_BL_0_J050_002.png,C,NA,BL,0,50,2,C_bias,0.25,h1_exc,all_channels,128,0.9870757,0.66853005,1.4764867,2.413109,1.647186279296875,1.4649885564141278,0.07644188255327794,90
C_BL_0_J050_002.png,C,NA,BL,0,50,2,straight_bias,0.25,h1_exc,all_channels,128,0.992593,0.6751502,1.470181,2.4030511,1.647186279296875,1.4588824309301234,0.06904005502241213,90
C_BL_0_J050_003.png,C,NA,BL,0,50,3,baseline,0.0,h1_exc,all_channels,128,0.9499204,0.61980844,1.5326033,2.5025287,1.647186279296875,1.5192748286644562,0.08666033471978296,90
C_BL_0_J050_003.png,C,NA,BL,0,50,3,C_bias,0.25,h1_exc,all_channels,128,1.0403458,0.65690804,1.5837008,2.5838077,1.647186279296875,1.5686189981194059,0.09307961877310023,90
C_BL_0_J050_003.png,C,NA,BL,0,50,3,straight_bias,0.25,h1_exc,all_channels,128,1.0387124,0.6710496,1.5478921,2.526862,1.647186279296875,1.5340474374214605,0.08593698827533702,90
C_BL_0_J050_004.png,C,NA,BL,0,50,4,baseline,0.0,h1_exc,all_channels,128,1.5298196,0.5985593,2.5558362,4.104743,1.647186279296875,2.4919725416105685,0.21681459404571551,90
C_BL_0_J050_004.png,C,NA,BL,0,50,4,C_bias,0.25,h1_exc,all_channels,128,1.7115707,0.6405705,2.6719475,4.283235,1.647186279296875,2.6003343403968957,0.22500245635862018,90
C_BL_0_J050_004.png,C,NA,BL,0,50,4,straight_bias,0.25,h1_exc,all_channels,128,1.7236879,0.62305385,2.766515,4.4281173,1.647186279296875,2.688291727542391,0.22225133462148422,90
C_BL_0_J050_005.png,C,NA,BL,0,50,5,baseline,0.0,h1_exc,all_channels,128,1.2969593,0.6391329,2.0292482,3.2868261,1.647186279296875,1.9954185844583834,0.15078767235445228,90
C_BL_0_J050_005.png,C,NA,BL,0,50,5,C_bias,0.25,h1_exc,all_channels,128,1.4127727,0.68185145,2.0719655,3.3536952,1.647186279296875,2.0360144908816817,0.15845151147933106,90
C_BL_0_J050_005.png,C,NA,BL,0,50,5,straight_bias,0.25,h1_exc,all_channels,128,1.4504536,0.693852,2.0904367,3.3825822,1.647186279296875,2.053551689709906,0.14594045786521273,90
C_BL_0_J060_000.png,C,NA,BL,0,60,0,baseline,0.0,h1_exc,all_channels,128,0.9134295,0.61901575,1.4756159,2.4117198,1.647186279296875,1.4641451393280023,0.09026299413746101,90
C_BL_0_J060_000.png,C,NA,BL,0,60,0,C_bias,0.25,h1_exc,all_channels,128,0.96097934,0.66227835,1.4510204,2.3724751,1.647186279296875,1.4403198731456412,0.09000098254344807,90
C_BL_0_J060_000.png,C,NA,BL,0,60,0,straight_bias,0.25,h1_exc,all_channels,128,1.0319244,0.65916127,1.5655112,2.55489,1.647186279296875,1.5510631274524806,0.09642026659676532,90
C_BL_0_J060_001.png,C,NA,BL,0,60,1,baseline,0.0,h1_exc,all_channels,128,1.6852392,0.60515684,2.7847974,4.4560757,1.647186279296875,2.705265152636197,0.18596272885069073,90
C_BL_0_J060_001.png,C,NA,BL,0,60,1,C_bias,0.25,h1_exc,all_channels,128,1.8520916,0.64361054,2.8776588,4.597836,1.647186279296875,2.791327275782082,0.19139946942645944,90
C_BL_0_J060_001.png,C,NA,BL,0,60,1,straight_bias,0.25,h1_exc,all_channels,128,1.917632,0.65646976,2.9211276,4.664049,1.647186279296875,2.8315249943893637,0.19670520420522167,90
C_BL_0_J060_002.png,C,NA,BL,0,60,2,baseline,0.0,h1_exc,all_channels,128,0.9371569,0.6452901,1.4523033,2.3745232,1.647186279296875,1.441563214963012,0.056660007205300275,90
C_BL_0_J060_002.png,C,NA,BL,0,60,2,C_bias,0.25,h1_exc,all_channels,128,1.0090315,0.6679245,1.5106969,2.467641,1.647186279296875,1.4980947396313908,0.06019716372447509,90
C_BL_0_J060_002.png,C,NA,BL,0,60,2,straight_bias,0.25,h1_exc,all_channels,128,1.0530146,0.67452,1.5611318,2.5479245,1.647186279296875,1.5468344625869992,0.08417122457665994,90
C_BL_0_J060_003.png,C,NA,BL,0,60,3,baseline,0.0,h1_exc,all_channels,128,0.9294972,0.6184981,1.5028296,2.4551055,1.647186279296875,1.4904844455599455,0.09137654341201605,90
C_BL_0_J060_003.png,C,NA,BL,0,60,3,C_bias,0.25,h1_exc,all_channels,128,1.015916,0.6560653,1.5484983,2.5278268,1.647186279296875,1.534633212082101,0.10257753905606963,90
C_BL_0_J060_003.png,C,NA,BL,0,60,3,straight_bias,0.25,h1_exc,all_channels,128,1.001179,0.6703164,1.4935917,2.4403827,1.647186279296875,1.4815462797967007,0.08502276225720204,90
C_BL_0_J060_004.png,C,NA,BL,0,60,4,baseline,0.0,h1_exc,all_channels,128,1.1665261,0.6063403,1.9238802,3.1214864,1.647186279296875,1.8950415297180694,0.15006714047091668,90
C_BL_0_J060_004.png,C,NA,BL,0,60,4,C_bias,0.25,h1_exc,all_channels,128,1.3093646,0.64682883,2.024283,3.2790475,1.647186279296875,1.9906962014393454,0.16264369698353826,90
C_BL_0_J060_004.png,C,NA,BL,0,60,4,straight_bias,0.25,h1_exc,all_channels,128,1.2947233,0.63301784,2.0453188,3.3119943,1.647186279296875,2.01069808297609,0.16264369698353826,90
C_BL_0_J060_005.png,C,NA,BL,0,60,5,baseline,0.0,h1_exc,all_channels,128,1.373604,0.635794,2.1604548,3.491923,1.647186279296875,2.11993210269274,0.20738217666124933,90
C_BL_0_J060_005.png,C,NA,BL,0,60,5,C_bias,0.25,h1_exc,all_channels,128,1.5039227,0.67880553,2.2155428,3.5777767,1.647186279296875,2.172053454854313,0.21163986506395976,90
C_BL_0_J060_005.png,C,NA,BL,0,60,5,straight_bias,0.25,h1_exc,all_channels,128,1.5351818,0.69114333,2.2212205,3.586616,1.647186279296875,2.1774197991941286,0.21471850129361192,90
straight_BL_0_J000_000.png,straight,NA,BL,0,0,0,baseline,0.0,h1_exc,all_channels,128,2.252211,0.6090432,3.69795,4.01755,1.119232177734375,3.589559017008134,0.17523757247240893,90
straight_BL_0_J000_000.png,straight,NA,BL,0,0,0,C_bias,0.25,h1_exc,all_channels,128,2.4581602,0.6319404,3.8898606,4.217254,1.119232177734375,3.767988633682495,0.17441421661114467,90
straight_BL_0_J000_000.png,straight,NA,BL,0,0,0,straight_bias,0.25,h1_exc,all_channels,128,2.4499052,0.6387212,3.8356407,4.160917,1.119232177734375,3.7176529149774913,0.17578647637991843,90
straight_BL_0_J000_001.png,straight,NA,BL,0,0,1,baseline,0.0,h1_exc,all_channels,128,2.7357533,0.6241489,4.383174,4.7268066,1.119232177734375,4.223258312641383,0.1858662092623719,90
straight_BL_0_J000_001.png,straight,NA,BL,0,0,1,C_bias,0.25,h1_exc,all_channels,128,2.9883702,0.638107,4.6831803,5.034046,1.119232177734375,4.497767512642715,0.18902878314858518,90
straight_BL_0_J000_001.png,straight,NA,BL,0,0,1,straight_bias,0.25,h1_exc,all_channels,128,3.0208354,0.6604654,4.573798,4.922256,1.119232177734375,4.397886378565797,0.18985213900984943,90
straight_BL_0_J000_002.png,straight,NA,BL,0,0,2,baseline,0.0,h1_exc,all_channels,128,2.154294,0.6244262,3.450038,3.7583342,1.119232177734375,3.357957536459836,0.16371059041470934,90
straight_BL_0_J000_002.png,straight,NA,BL,0,0,2,C_bias,0.25,h1_exc,all_channels,128,2.3842857,0.6612437,3.6057596,3.9213192,1.119232177734375,3.5035797659017582,0.16556314110255393,90
straight_BL_0_J000_002.png,straight,NA,BL,0,0,2,straight_bias,0.25,h1_exc,all_channels,128,2.3896503,0.6640461,3.5986211,3.9138594,1.119232177734375,3.4969145904330206,0.16522007616036047,90
straight_BL_0_J000_003.png,straight,NA,BL,0,0,3,baseline,0.0,h1_exc,all_channels,128,2.1263852,0.6160597,3.4515893,3.7599604,1.119232177734375,3.359410544285981,0.16604343202162475,90
straight_BL_0_J000_003.png,straight,NA,BL,0,0,3,C_bias,0.25,h1_exc,all_channels,128,2.3749661,0.63911575,3.716019,4.036388,1.119232177734375,3.6063901347854967,0.16830766064010144,90
straight_BL_0_J000_003.png,straight,NA,BL,0,0,3,straight_bias,0.25,h1_exc,all_channels,128,2.308217,0.6546896,3.5256662,3.8375585,1.119232177734375,3.428742087633805,0.16576898006787,90
straight_BL_0_J000_004.png,straight,NA,BL,0,0,4,baseline,0.0,h1_exc,all_channels,128,2.4228098,0.63718957,3.8023376,4.1262794,1.119232177734375,3.686705403324891,0.1696799204088752,90
straight_BL_0_J000_004.png,straight,NA,BL,0,0,4,C_bias,0.25,h1_exc,all_channels,128,2.6755958,0.6700423,3.9931746,4.3244195,1.119232177734375,3.863737610332119,0.17057188925857814,90
straight_BL_0_J000_004.png,straight,NA,BL,0,0,4,straight_bias,0.25,h1_exc,all_channels,128,2.623702,0.67548513,3.8841743,4.211348,1.119232177734375,3.7627117080309374,0.16899379052448832,90
straight_BL_0_J000_005.png,straight,NA,BL,0,0,5,baseline,0.0,h1_exc,all_channels,128,2.3008835,0.6240509,3.6870124,4.0061436,1.119232177734375,3.5793677253473155,0.17612954132211187,90
straight_BL_0_J000_005.png,straight,NA,BL,0,0,5,C_bias,0.25,h1_exc,all_channels,128,2.5571377,0.6568983,3.892745,4.220249,1.119232177734375,3.7706645879871474,0.17880544787122069,90
straight_BL_0_J000_005.png,straight,NA,BL,0,0,5,straight_bias,0.25,h1_exc,all_channels,128,2.5525963,0.65727425,3.8836093,4.21076,1.119232177734375,3.7621864012871646,0.17853099591746593,90
straight_BL_0_J010_000.png,straight,NA,BL,0,10,0,baseline,0.0,h1_exc,all_channels,128,1.8728292,0.61294687,3.0554512,3.3428557,1.119232177734375,2.9867401318010907,0.16837627362854013,90
straight_BL_0_J010_000.png,straight,NA,BL,0,10,0,C_bias,0.25,h1_exc,all_channels,128,2.0430193,0.63597757,3.2124078,3.5085518,1.119232177734375,3.1347846090059655,0.167964595697908,90
straight_BL_0_J010_000.png,straight,NA,BL,0,10,0,straight_bias,0.25,h1_exc,all_channels,128,2.023367,0.6446103,3.1388996,3.431022,1.119232177734375,3.0655139893113126,0.16865072558229488,90
straight_BL_0_J010_001.png,straight,NA,BL,0,10,1,baseline,0.0,h1_exc,all_channels,128,2.4757977,0.6265408,3.9515347,4.2812552,1.119232177734375,3.8251716597564487,0.1828536141891033,90
straight_BL_0_J010_001.png,straight,NA,BL,0,10,1,C_bias,0.25,h1_exc,all_channels,128,2.7105393,0.6416921,4.2240496,4.563037,1.119232177734375,4.076935035148464,0.18477477786538654,90
straight_BL_0_J010_001.png,straight,NA,BL,0,10,1,straight_bias,0.25,h1_exc,all_channels,128,2.7411067,0.6631961,4.133177,4.469259,1.119232177734375,3.9931471183783382,0.1860784246457216,90
straight_BL_0_J010_002.png,straight,NA,BL,0,10,2,baseline,0.0,h1_exc,all_channels,128,1.6812263,0.630154,2.667961,2.931344,1.119232177734375,2.6190669500145645,0.1355746140651336,90
straight_BL_0_J010_002.png,straight,NA,BL,0,10,2,C_bias,0.25,h1_exc,all_channels,128,1.868699,0.66780263,2.7982802,3.0701325,1.119232177734375,2.7430702294110634,0.13976465744960725,90
straight_BL_0_J010_002.png,straight,NA,BL,0,10,2,straight_bias,0.25,h1_exc,all_channels,128,1.8656112,0.6703674,2.7829683,3.0538464,1.119232177734375,2.7285190621927438,0.1372259768773758,90
straight_BL_0_J010_003.png,straight,NA,BL,0,10,3,baseline,0.0,h1_exc,all_channels,128,1.8234543,0.6188308,2.946612,3.2276223,1.119232177734375,2.8837825662588177,0.1565062266286471,90
straight_BL_0_J010_003.png,straight,NA,BL,0,10,3,C_bias,0.25,h1_exc,all_channels,128,2.0594246,0.64132273,3.211214,3.507293,1.119232177734375,3.1336598646397364,0.16124052283091658,90
straight_BL_0_J010_003.png,straight,NA,BL,0,10,3,straight_bias,0.25,h1_exc,all_channels,128,1.9804289,0.6579976,3.0097814,3.2945366,1.119232177734375,2.943568480857573,0.15616316168645367,90
straight_BL_0_J010_004.png,straight,NA,BL,0,10,4,baseline,0.0,h1_exc,all_channels,128,2.1396255,0.6401251,3.3425117,3.6454694,1.119232177734375,3.2571163222960635,0.16419088133378015,90
straight_BL_0_J010_004.png,straight,NA,BL,0,10,4,C_bias,0.25,h1_exc,all_channels,128,2.3682358,0.6732082,3.5178359,3.8293614,1.119232177734375,3.421418255047571,0.1667981748944503,90
straight_BL_0_J010_004.png,straight,NA,BL,0,10,4,straight_bias,0.25,h1_exc,all_channels,128,2.291777,0.67881066,3.3761652,3.680822,1.119232177734375,3.288702680227891,0.16295584754188377,90
straight_BL_0_J010_005.png,straight,NA,BL,0,10,5,baseline,0.0,h1_exc,all_channels,128,2.0433307,0.6263043,3.2625206,3.5613346,1.119232177734375,3.1819444160147365,0.17043466328170076,90
straight_BL_0_J010_005.png,straight,NA,BL,0,10,5,C_bias,0.25,h1_exc,all_channels,128,2.2790542,0.65901005,3.4582996,3.766995,1.119232177734375,3.365695692491584,0.17118940615452632,90
straight_BL_0_J010_005.png,straight,NA,BL,0,10,5,straight_bias,0.25,h1_exc,all_channels,128,2.254104,0.65981746,3.4162538,3.7229013,1.119232177734375,3.3262993908667546,0.1724930529348614,90
straight_BL_0_J020_000.png,straight,NA,BL,0,20,0,baseline,0.0,h1_exc,all_channels,128,1.7783812,0.6138727,2.896987,3.1749907,1.119232177734375,2.8367578137819005,0.16769014374415325,90
straight_BL_0_J020_000.png,straight,NA,BL,0,20,0,C_bias,0.25,h1_exc,all_channels,128,1.9422768,0.63695115,3.049334,3.3363867,1.119232177734375,2.9809602664812256,0.1680332086863467,90
straight_BL_0_J020_000.png,straight,NA,BL,0,20,0,straight_bias,0.25,h1_exc,all_channels,128,1.8921404,0.6462279,2.9279768,3.2078657,1.119232177734375,2.8661306833217806,0.16672956190601163,90
straight_BL_0_J020_001.png,straight,NA,BL,0,20,1,baseline,0.0,h1_exc,all_channels,128,2.2361665,0.6287818,3.5563474,3.8696616,1.119232177734375,3.4574251991703044,0.18408864798099966,90
straight_BL_0_J020_001.png,straight,NA,BL,0,20,1,C_bias,0.25,h1_exc,all_channels,128,2.4587862,0.64571565,3.8078468,4.1320105,1.119232177734375,3.691825972467961,0.18566674671508948,90
straight_BL_0_J020_001.png,straight,NA,BL,0,20,1,straight_bias,0.25,h1_exc,all_channels,128,2.4479547,0.6659813,3.675711,3.9943528,1.119232177734375,3.5688330458231707,0.18676455453010848,90
straight_BL_0_J020_002.png,straight,NA,BL,0,20,2,baseline,0.0,h1_exc,all_channels,128,1.803005,0.62870276,2.8678179,3.1440277,1.119232177734375,2.8090933627679973,0.12919825723004932,90
straight_BL_0_J020_002.png,straight,NA,BL,0,20,2,C_bias,0.25,h1_exc,all_channels,128,2.0055273,0.66526055,3.0146494,3.29969,1.119232177734375,2.9481729031068222,0.1329033586057385,90
straight_BL_0_J020_002.png,straight,NA,BL,0,20,2,straight_bias,0.25,h1_exc,all_channels,128,2.0194457,0.6684824,3.0209405,3.3063478,1.119232177734375,2.954121480081622,0.13441284435138962,90
straight_BL_0_J020_003.png,straight,NA,BL,0,20,3,baseline,0.0,h1_exc,all_channels,128,1.8068827,0.61897355,2.91916,3.1985142,1.119232177734375,2.857775409026971,0.15444783697548647,90
straight_BL_0_J020_003.png,straight,NA,BL,0,20,3,C_bias,0.25,h1_exc,all_channels,128,2.030161,0.6417398,3.1635265,3.4570098,1.119232177734375,3.0887333568611823,0.15822155133961432,90
straight_BL_0_J020_003.png,straight,NA,BL,0,20,3,straight_bias,0.25,h1_exc,all_channels,128,1.9496977,0.6582221,2.9620667,3.2440019,1.119232177734375,2.898417237225539,0.1525952862876419,90
straight_BL_0_J020_004.png,straight,NA,BL,0,20,4,baseline,0.0,h1_exc,all_channels,128,2.0624986,0.64027435,3.2212732,3.5178943,1.119232177734375,3.143131788549655,0.16830766064010144,90
straight_BL_0_J020_004.png,straight,NA,BL,0,20,4,C_bias,0.25,h1_exc,all_channels,128,2.2672992,0.67356735,3.366106,3.670258,1.119232177734375,3.2792642004212875,0.16974853339731388,90
straight_BL_0_J020_004.png,straight,NA,BL,0,20,4,straight_bias,0.25,h1_exc,all_channels,128,2.2212656,0.67883706,3.2721632,3.5714836,1.119232177734375,3.191012241427924,0.16562607204110955,90
straight_BL_0_J020_005.png,straight,NA,BL,0,20,5,baseline,0.0,h1_exc,all_channels,128,1.6143585,0.6299144,2.562822,2.8190825,1.119232177734375,2.51876467585961,0.14504785755938623,90
straight_BL_0_J020_005.png,straight,NA,BL,0,20,5,C_bias,0.25,h1_exc,all_channels,128,1.7825356,0.6618623,2.693212,2.9582675,1.119232177734375,2.6431222071275178,0.1469690212356695,90
straight_BL_0_J020_005.png,straight,NA,BL,0,20,5,straight_bias,0.25,h1_exc,all_channels,128,1.7906495,0.6631771,2.7001078,2.9656174,1.119232177734375,2.649689180483977,0.14813544203912718,90
straight_BL_0_J030_000.png,straight,NA,BL,0,30,0,baseline,0.0,h1_exc,all_channels,128,1.6724588,0.6150823,2.7190812,2.9858344,1.119232177734375,2.6677524045897996,0.17564925040304105,90
straight_BL_0_J030_000.png,straight,NA,BL,0,30,0,C_bias,0.25,h1_exc,all_channels,128,1.8044266,0.63841593,2.8264122,3.1000404,1.119232177734375,2.769792067958951,0.1781193179868338,90
straight_BL_0_J030_000.png,straight,NA,BL,0,30,0,straight_bias,0.25,h1_exc,all_channels,128,1.8075864,0.6488709,2.7857413,3.0567966,1.119232177734375,2.7311549687813264,0.1747572815533381,90
straight_BL_0_J030_001.png,straight,NA,BL,0,30,1,baseline,0.0,h1_exc,all_channels,128,1.7888671,0.63018066,2.8386576,3.113054,1.119232177734375,2.7814193258646087,0.1708463412123329,90
straight_BL_0_J030_001.png,straight,NA,BL,0,30,1,C_bias,0.25,h1_exc,all_channels,128,1.9915711,0.6480604,3.0731258,3.361543,1.119232177734375,3.003436621086132,0.17311056983080958,90
straight_BL_0_J030_001.png,straight,NA,BL,0,30,1,straight_bias,0.25,h1_exc,all_channels,128,1.9522859,0.6675648,2.924489,3.2041662,1.119232177734375,2.862825255607619,0.17228721396954533,90
straight_BL_0_J030_002.png,straight,NA,BL,0,30,2,baseline,0.0,h1_exc,all_channels,128,1.630219,0.63170993,2.5806448,2.8381312,1.119232177734375,2.5357841031104096,0.1395588184842912,90
straight_BL_0_J030_002.png,straight,NA,BL,0,30,2,C_bias,0.25,h1_exc,all_channels,128,1.7929368,0.66974735,2.6770346,2.94102,1.119232177734375,2.6277121442113507,0.1429894679062256,90
straight_BL_0_J030_002.png,straight,NA,BL,0,30,2,straight_bias,0.25,h1_exc,all_channels,128,1.8165226,0.6718751,2.703661,2.9694037,1.119232177734375,2.653072147393083,0.14264640296403217,90
straight_BL_0_J030_003.png,straight,NA,BL,0,30,3,baseline,0.0,h1_exc,all_channels,128,1.6992137,0.61981386,2.7414904,3.0097008,1.119232177734375,2.6890763222588543,0.15643761364020842,90
straight_BL_0_J030_003.png,straight,NA,BL,0,30,3,C_bias,0.25,h1_exc,all_channels,128,1.8923892,0.64313823,2.94243,3.2231889,1.119232177734375,2.8798214637038884,0.1605543929465297,90
straight_BL_0_J030_003.png,straight,NA,BL,0,30,3,straight_bias,0.25,h1_exc,all_channels,128,1.841722,0.65970063,2.7917542,3.0631924,1.119232177734375,2.7368694370329276,0.1549281278945573,90
straight_BL_0_J030_004.png,straight,NA,BL,0,30,4,baseline,0.0,h1_exc,all_channels,128,1.8623825,0.6425849,2.8982668,3.1763494,1.119232177734375,2.8379718134302223,0.1644653332875349,90
straight_BL_0_J030_004.png,straight,NA,BL,0,30,4,C_bias,0.25,h1_exc,all_channels,128,2.0513847,0.6758695,3.0351787,3.3214135,1.119232177734375,2.967582199116092,0.16515146317192178,90
straight_BL_0_J030_004.png,straight,NA,BL,0,30,4,straight_bias,0.25,h1_exc,all_channels,128,2.000473,0.6813054,2.9362354,3.2166216,1.119232177734375,2.873953834240295,0.16480839822972834,90
straight_BL_0_J030_005.png,straight,NA,BL,0,30,5,baseline,0.0,h1_exc,all_channels,128,1.4369819,0.6323123,2.2725825,2.5078282,1.119232177734375,2.2406684360130273,0.15005660571541046,90
straight_BL_0_J030_005.png,straight,NA,BL,0,30,5,C_bias,0.25,h1_exc,all_channels,128,1.599048,0.66390806,2.4085383,2.6538763,1.119232177734375,2.371157954274546,0.15280112525295797,90
straight_BL_0_J030_005.png,straight,NA,BL,0,30,5,straight_bias,0.25,h1_exc,all_channels,128,1.5965829,0.665435,2.399307,2.6439729,1.119232177734375,2.3623095392206794,0.1543106109986091,90
straight_BL_0_J040_000.png,straight,NA,BL,0,40,0,baseline,0.0,h1_exc,all_channels,128,1.9265481,0.6120215,3.1478438,3.4404624,1.119232177734375,3.0739487199789637,0.1748945075302155,90
straight_BL_0_J040_000.png,straight,NA,BL,0,40,0,C_bias,0.25,h1_exc,all_channels,128,2.1289794,0.634818,3.3536847,3.6572084,1.119232177734375,3.267604776530914,0.17825654396371118,90
straight_BL_0_J040_000.png,straight,NA,BL,0,40,0,straight_bias,0.25,h1_exc,all_channels,128,2.089197,0.6439876,3.244157,3.5419996,1.119232177734375,3.164669152024573,0.17290473086549352,90
straight_BL_0_J040_001.png,straight,NA,BL,0,40,1,baseline,0.0,h1_exc,all_channels,128,1.4120551,0.63438207,2.225875,2.457552,1.119232177734375,2.1957481058076964,0.15986826306214283,90
straight_BL_0_J040_001.png,straight,NA,BL,0,40,1,C_bias,0.25,h1_exc,all_channels,128,1.5482873,0.6553458,2.36255,2.6045222,1.119232177734375,2.327061584525384,0.16206387869218083,90
straight_BL_0_J040_001.png,straight,NA,BL,0,40,1,straight_bias,0.25,h1_exc,all_channels,128,1.5496475,0.6717474,2.3068902,2.5447235,1.119232177734375,2.273633244852784,0.16714123983664375,90
straight_BL_0_J040_002.png,straight,NA,BL,0,40,2,baseline,0.0,h1_exc,all_channels,128,1.5082302,0.63200366,2.3864264,2.6301517,1.119232177734375,2.349960783366458,0.11704974271007991,90
straight_BL_0_J040_002.png,straight,NA,BL,0,40,2,C_bias,0.25,h1_exc,all_channels,128,1.676859,0.66934,2.5052423,2.7574918,1.119232177734375,2.4637352796232648,0.12055302068677465,90
straight_BL_0_J040_002.png,straight,NA,BL,0,40,2,straight_bias,0.25,h1_exc,all_channels,128,1.6753337,0.6722846,2.4920008,2.743317,1.119232177734375,2.451070402435808,0.11938659988331696,90
straight_BL_0_J040_003.png,straight,NA,BL,0,40,3,baseline,0.0,h1_exc,all_channels,128,1.3820317,0.6203573,2.2277997,2.4596252,1.119232177734375,2.1976005256957127,0.14237195101027741,90
straight_BL_0_J040_003.png,straight,NA,BL,0,40,3,C_bias,0.25,h1_exc,all_channels,128,1.4867887,0.644159,2.3081083,2.546033,1.119232177734375,2.2748031494094754,0.14539092250157967,90
straight_BL_0_J040_003.png,straight,NA,BL,0,40,3,straight_bias,0.25,h1_exc,all_channels,128,1.520368,0.66104853,2.299934,2.5372453,1.119232177734375,2.266951666862039,0.14257778997559348,90
straight_BL_0_J040_004.png,straight,NA,BL,0,40,4,baseline,0.0,h1_exc,all_channels,128,1.245543,0.6477088,1.9229985,2.130275,1.119232177734375,1.90333608558459,0.07979690555419404,90
straight_BL_0_J040_004.png,straight,NA,BL,0,40,4,C_bias,0.25,h1_exc,all_channels,128,1.345885,0.6814279,1.9750953,2.186725,1.119232177734375,1.9537723496193014,0.07924800164668454,90
straight_BL_0_J040_004.png,straight,NA,BL,0,40,4,straight_bias,0.25,h1_exc,all_channels,128,1.3594815,0.68646055,1.9804218,2.192493,1.119232177734375,1.9589259368261527,0.07849325877385896,90
straight_BL_0_J040_005.png,straight,NA,BL,0,40,5,baseline,0.0,h1_exc,all_channels,128,1.3902612,0.63175166,2.200645,2.4303734,1.119232177734375,2.1714649175447684,0.14168582112589054,90
straight_BL_0_J040_005.png,straight,NA,BL,0,40,5,C_bias,0.25,h1_exc,all_channels,128,1.522417,0.66325474,2.295373,2.5323408,1.119232177734375,2.2625696372488395,0.14209749905652266,90
straight_BL_0_J040_005.png,straight,NA,BL,0,40,5,straight_bias,0.25,h1_exc,all_channels,128,1.538102,0.6649552,2.3130913,2.5513895,1.119232177734375,2.279589064499639,0.1430580808946643,90
straight_BL_0_J050_000.png,straight,NA,BL,0,50,0,baseline,0.0,h1_exc,all_channels,128,1.4302759,0.61723846,2.3172178,2.5558248,1.119232177734375,2.283551871212699,0.1350989742357765,90
straight_BL_0_J050_000.png,straight,NA,BL,0,50,0,C_bias,0.25,h1_exc,all_channels,128,1.5642081,0.6404537,2.442344,2.690123,1.119232177734375,2.403543349349882,0.13496174825889912,90
straight_BL_0_J050_000.png,straight,NA,BL,0,50,0,straight_bias,0.25,h1_exc,all_channels,128,1.5135226,0.6502393,2.3276393,2.5670247,1.119232177734375,2.2935586877558745,0.13763765480800794,90
straight_BL_0_J050_001.png,straight,NA,BL,0,50,1,baseline,0.0,h1_exc,all_channels,128,1.613419,0.63302886,2.548729,2.8040152,1.119232177734375,2.5053024656867757,0.17317918281924827,90
straight_BL_0_J050_001.png,straight,NA,BL,0,50,1,C_bias,0.25,h1_exc,all_channels,128,1.7602772,0.6531858,2.6949103,2.9600782,1.119232177734375,2.6447400922528037,0.17516895948397024,90
straight_BL_0_J050_001.png,straight,NA,BL,0,50,1,straight_bias,0.25,h1_exc,all_channels,128,1.7833514,0.6706857,2.6589973,2.9217827,1.119232177734375,2.6105242183253834,0.1775704140793243,90
straight_BL_0_J050_002.png,straight,NA,BL,0,50,2,baseline,0.0,h1_exc,all_channels,128,0.98492426,0.6374073,1.5452039,1.718953,1.119232177734375,1.53583236102218,0.05989913890697454,90
straight_BL_0_J050_002.png,straight,NA,BL,0,50,2,C_bias,0.25,h1_exc,all_channels,128,1.0628127,0.6737305,1.5775042,1.7542547,1.119232177734375,1.5673733457437793,0.06367285327110238,90
straight_BL_0_J050_002.png,straight,NA,BL,0,50,2,straight_bias,0.25,h1_exc,all_channels,128,1.0941582,0.6773101,1.6154464,1.7956902,1.119232177734375,1.604394689993782,0.064633435109244,90
straight_BL_0_J050_003.png,straight,NA,BL,0,50,3,baseline,0.0,h1_exc,all_channels,128,1.4040608,0.6223401,2.256099,2.4900916,1.119232177734375,2.2248212565363485,0.1436069848021738,90
straight_BL_0_J050_003.png,straight,NA,BL,0,50,3,C_bias,0.25,h1_exc,all_channels,128,1.5041504,0.647205,2.324071,2.5631902,1.119232177734375,2.2901326908539694,0.1436069848021738,90
straight_BL_0_J050_003.png,straight,NA,BL,0,50,3,straight_bias,0.25,h1_exc,all_channels,128,1.5337296,0.6634023,2.3119147,2.5501251,1.119232177734375,2.2784594206787845,0.14436172767499936,90
straight_BL_0_J050_004.png,straight,NA,BL,0,50,4,baseline,0.0,h1_exc,all_channels,128,1.5898478,0.6446454,2.466236,2.7157247,1.119232177734375,2.426417624878295,0.13235445469822898,90
straight_BL_0_J050_004.png,straight,NA,BL,0,50,4,C_bias,0.25,h1_exc,all_channels,128,1.720069,0.67838895,2.5355203,2.7898886,1.119232177734375,2.4926808315118842,0.12899241826473326,90
straight_BL_0_J050_004.png,straight,NA,BL,0,50,4,straight_bias,0.25,h1_exc,all_channels,128,1.6881375,0.68352485,2.469753,2.7194917,1.119232177734375,2.4297833371863287,0.12240557137461923,90
straight_BL_0_J050_005.png,straight,NA,BL,0,50,5,baseline,0.0,h1_exc,all_channels,128,1.0092115,0.6354253,1.5882456,1.7659887,1.119232177734375,1.577857326563537,0.07423925349066031,90
straight_BL_0_J050_005.png,straight,NA,BL,0,50,5,C_bias,0.25,h1_exc,all_channels,128,1.0780199,0.6661063,1.6183902,1.7989038,1.119232177734375,1.6072659834241605,0.07574873923631145,90
straight_BL_0_J050_005.png,straight,NA,BL,0,50,5,straight_bias,0.25,h1_exc,all_channels,128,1.107206,0.6683163,1.6567096,1.8407137,1.119232177734375,1.6446218752171864,0.08425674980270875,90
straight_BL_0_J060_000.png,straight,NA,BL,0,60,0,baseline,0.0,h1_exc,all_channels,128,1.494087,0.6171186,2.4210694,2.667315,1.119232177734375,2.3831650264235718,0.16782736972103063,90
straight_BL_0_J060_000.png,straight,NA,BL,0,60,0,C_bias,0.25,h1_exc,all_channels,128,1.6201471,0.640537,2.5293574,2.7832963,1.119232177734375,2.4867908349728256,0.16720411663802154,90
straight_BL_0_J060_000.png,straight,NA,BL,0,60,0,straight_bias,0.25,h1_exc,all_channels,128,1.5538588,0.65156865,2.3847966,2.6284032,1.119232177734375,2.348398496400185,0.1589076812240012,90
straight_BL_0_J060_001.png,straight,NA,BL,0,60,1,baseline,0.0,h1_exc,all_channels,128,1.0916448,0.63496757,1.7192135,1.9088335,1.119232177734375,1.7054848177545123,0.094754537033828,90
straight_BL_0_J060_001.png,straight,NA,BL,0,60,1,C_bias,0.25,h1_exc,all_channels,128,1.1774133,0.6548578,1.7979679,1.9945302,1.119232177734375,1.7820522165250752,0.09708737864074339,90
straight_BL_0_J060_001.png,straight,NA,BL,0,60,1,straight_bias,0.25,h1_exc,all_channels,128,1.2111984,0.67215466,1.8019639,1.9988747,1.119232177734375,1.7859338627071628,0.10689903598747576,90
straight_BL_0_J060_002.png,straight,NA,BL,0,60,2,baseline,0.0,h1_exc,all_channels,128,0.57514477,0.63975435,0.89900875,1.0073383,1.119232177734375,0.9000261933900319,0.0013722597687737582,90
straight_BL_0_J060_002.png,straight,NA,BL,0,60,2,C_bias,0.25,h1_exc,all_channels,128,0.5909673,0.67844105,0.8710666,0.9763347,1.119232177734375,0.8723254225059689,0.0018524871355053679,90
straight_BL_0_J060_002.png,straight,NA,BL,0,60,2,straight_bias,0.25,h1_exc,all_channels,128,0.62742895,0.680075,0.9225879,1.0334854,1.119232177734375,0.923387858143811,0.0010291948265803187,90
straight_BL_0_J060_003.png,straight,NA,BL,0,60,3,baseline,0.0,h1_exc,all_channels,128,0.7573292,0.62673485,1.2083726,1.3493028,1.119232177734375,1.205561083298207,0.0255240316991919,90
straight_BL_0_J060_003.png,straight,NA,BL,0,60,3,C_bias,0.25,h1_exc,all_channels,128,0.79630303,0.6535276,1.2184688,1.3604231,1.119232177734375,1.2154967512394281,0.023122577103837826,90
straight_BL_0_J060_003.png,straight,NA,BL,0,60,3,straight_bias,0.25,h1_exc,all_channels,128,0.79894453,0.67060125,1.1913854,1.3305867,1.119232177734375,1.1888388186214396,0.023122577103837826,90
straight_BL_0_J060_004.png,straight,NA,BL,0,60,4,baseline,0.0,h1_exc,all_channels,128,1.1591005,0.64886,1.7863647,1.9819134,1.119232177734375,1.7707795300204763,0.07355312360627343,90
straight_BL_0_J060_004.png,straight,NA,BL,0,60,4,C_bias,0.25,h1_exc,all_channels,128,1.2226391,0.68310773,1.7898189,1.9856699,1.119232177734375,1.7741357629489078,0.0720436378606223,90
straight_BL_0_J060_004.png,straight,NA,BL,0,60,4,straight_bias,0.25,h1_exc,all_channels,128,1.2430261,0.68775654,1.8073636,2.004744,1.119232177734375,1.7911779833147048,0.07293560671032524,90
straight_BL_0_J060_005.png,straight,NA,BL,0,60,5,baseline,0.0,h1_exc,all_channels,128,0.82770276,0.6383037,1.2967225,1.44653,1.119232177734375,1.292430650517964,0.02586709664138534,90
straight_BL_0_J060_005.png,straight,NA,BL,0,60,5,C_bias,0.25,h1_exc,all_channels,128,0.8742544,0.668694,1.3074057,1.4582729,1.119232177734375,1.302922619578959,0.026759065491088283,90
straight_BL_0_J060_005.png,straight,NA,BL,0,60,5,straight_bias,0.25,h1_exc,all_channels,128,0.91180575,0.6701039,1.3606931,1.516808,1.119232177734375,1.3552219544900033,0.036227657895627215,90
